timestamp_sec,type,traffic(MB)
1711662000,R,4.4453125
1711662000,W,0.0
1711662001,R,48.44140625
1711662001,W,0.0
1711662002,R,0.0
1711662002,W,0.0
1711662003,R,0.0
1711662003,W,0.0
1711662004,R,0.0
1711662004,W,0.0
1711662005,R,0.0390625
1711662005,W,0.0
1711662006,R,3.4921875
1711662006,W,0.0
1711662007,R,21.8212890625
1711662007,W,0.0078125
1711662008,R,76.33984375
1711662008,W,9.46142578125
1711662009,R,0.0390625
1711662009,W,0.0
1711662010,R,34.65625
1711662010,W,1.62890625
1711662011,R,54.32373046875
1711662011,W,33.55078125
1711662012,R,112.53515625
1711662012,W,42.9296875
1711662013,R,0.25390625
1711662013,W,106.6640625
1711662014,R,0.109375
1711662014,W,83.85546875
1711662015,R,1.08203125
1711662015,W,81.84375
1711662016,R,0.06640625
1711662016,W,81.83984375
1711662017,R,2.23046875
1711662017,W,83.17578125
1711662018,R,0.0
1711662018,W,108.7421875
1711662019,R,0.0
1711662019,W,82.21484375
1711662020,R,0.0
1711662020,W,83.4609375
1711662021,R,4.3984375
1711662021,W,92.3125
1711662022,R,0.94140625
1711662022,W,102.0078125
1711662023,R,0.26171875
1711662023,W,84.01171875
1711662024,R,0.30859375
1711662024,W,85.62890625
1711662025,R,0.01953125
1711662025,W,136.78515625
1711662026,R,0.0078125
1711662026,W,86.00390625
1711662027,R,9.296875
1711662027,W,238.66796875
1711662028,R,0.0
1711662028,W,421.578125
1711662029,R,0.0
1711662029,W,247.72265625
1711662030,R,3.26171875
1711662030,W,244.796875
1711662031,R,0.0
1711662031,W,247.703125
1711662032,R,0.0
1711662032,W,247.3203125
1711662033,R,0.00390625
1711662033,W,249.46484375
1711662034,R,0.0234375
1711662034,W,247.078125
1711662035,R,0.0
1711662035,W,247.9140625
1711662036,R,1.65234375
1711662036,W,245.30078125
1711662037,R,20.12890625
1711662037,W,195.24609375
1711662038,R,10.80078125
1711662038,W,271.578125
1711662039,R,0.1171875
1711662039,W,243.59765625
1711662040,R,3.03125
1711662040,W,204.98828125
1711662041,R,0.14453125
1711662041,W,291.64453125
1711662042,R,0.01171875
1711662042,W,247.7421875
1711662043,R,0.0
1711662043,W,248.16796875
1711662044,R,0.0
1711662044,W,247.92578125
1711662045,R,0.00390625
1711662045,W,248.00390625
1711662046,R,0.0
1711662046,W,248.17578125
1711662047,R,0.0
1711662047,W,248.0703125
1711662048,R,0.00390625
1711662048,W,247.546875
1711662049,R,0.0
1711662049,W,248.4375
1711662050,R,0.0
1711662050,W,248.171875
1711662051,R,1.27734375
1711662051,W,246.359375
1711662052,R,0.0078125
1711662052,W,248.08203125
1711662053,R,0.234375
1711662053,W,248.09375
1711662054,R,0.0
1711662054,W,247.75
1711662055,R,0.00390625
1711662055,W,247.765625
1711662056,R,0.16796875
1711662056,W,247.765625
1711662057,R,0.0
1711662057,W,248.04296875
1711662058,R,0.0
1711662058,W,248.828125
1711662059,R,0.0
1711662059,W,247.15625
1711662060,R,0.0
1711662060,W,247.984375
1711662061,R,0.0
1711662061,W,247.95703125
1711662062,R,0.0
1711662062,W,248.40625
1711662063,R,0.109375
1711662063,W,247.6328125
1711662064,R,0.07421875
1711662064,W,248.08984375
1711662065,R,0.01171875
1711662065,W,115.5078125
1711662066,R,0.69140625
1711662066,W,84.99609375
1711662067,R,0.0625
1711662067,W,83.8359375
1711662068,R,0.0
1711662068,W,154.04296875
1711662069,R,0.0
1711662069,W,94.9765625
1711662070,R,0.0
1711662070,W,81.83984375
1711662071,R,0.0
1711662071,W,79.85546875
1711662072,R,0.0
1711662072,W,411.953125
1711662073,R,0.0
1711662073,W,81.84375
1711662074,R,0.0
1711662074,W,81.83984375
1711662075,R,0.48828125
1711662075,W,80.84765625
1711662076,R,7.81640625
1711662076,W,82.8359375
1711662077,R,2.62890625
1711662077,W,97.56640625
1711662078,R,0.03515625
1711662078,W,83.25390625
1711662079,R,0.02734375
1711662079,W,84.328125
1711662080,R,0.0
1711662080,W,83.8359375
1711662081,R,0.0
1711662081,W,81.875
1711662082,R,0.91796875
1711662082,W,307.859375
1711662083,R,0.23828125
1711662083,W,127.921875
1711662084,R,0.11328125
1711662084,W,131.14453125
1711662085,R,0.36328125
1711662085,W,76.265625
1711662086,R,0.109375
1711662086,W,48.11328125
1711662087,R,0.16015625
1711662087,W,51.23046875
1711662088,R,0.00390625
1711662088,W,53.5703125
1711662089,R,0.00390625
1711662089,W,37.90625
1711662090,R,0.0078125
1711662090,W,33.70703125
1711662091,R,0.0078125
1711662091,W,47.4453125
1711662092,R,0.0
1711662092,W,43.09375
1711662093,R,0.00390625
1711662093,W,40.8984375
1711662094,R,0.0
1711662094,W,28.23046875
1711662095,R,0.0
1711662095,W,47.43359375
1711662096,R,0.01171875
1711662096,W,152.05078125
1711662097,R,0.015625
1711662097,W,114.84375
1711662098,R,0.32421875
1711662098,W,3.88671875
1711662099,R,0.00390625
1711662099,W,17.8359375
1711662100,R,0.01953125
1711662100,W,7.11328125
1711662101,R,0.00390625
1711662101,W,31.1640625
1711662102,R,0.0
1711662102,W,23.171875
1711662103,R,0.0546875
1711662103,W,43.12109375
1711662104,R,0.11328125
1711662104,W,48.3359375
1711662105,R,0.02734375
1711662105,W,47.10546875
1711662106,R,1.09375
1711662106,W,8.98046875
1711662107,R,0.00390625
1711662107,W,14.94140625
1711662108,R,0.0859375
1711662108,W,0.03125
1711662109,R,0.0
1711662109,W,0.00390625
1711662110,R,0.0
1711662110,W,0.0
1711662111,R,0.0
1711662111,W,0.03125
1711662112,R,0.0
1711662112,W,0.6953125
1711662113,R,0.0
1711662113,W,0.01171875
1711662114,R,0.0
1711662114,W,0.0
1711662115,R,0.0
1711662115,W,0.00390625
1711662116,R,0.0
1711662116,W,4.1455078125
1711662117,R,0.0
1711662117,W,0.13671875
1711662118,R,0.0
1711662118,W,0.00390625
1711662119,R,0.0
1711662119,W,0.0
1711662120,R,0.0
1711662120,W,0.0
1711662121,R,0.0
1711662121,W,15.0234375
1711662122,R,0.0
1711662122,W,0.0
1711662123,R,0.0
1711662123,W,0.33984375
1711662124,R,0.0
1711662124,W,0.0
1711662125,R,0.0
1711662125,W,0.00390625
1711662126,R,0.0
1711662126,W,53.984375
1711662127,R,0.0
1711662127,W,0.00390625
1711662128,R,0.0
1711662128,W,0.93359375
1711662129,R,0.0
1711662129,W,0.00390625
1711662130,R,0.0
1711662130,W,0.0
1711662131,R,0.0
1711662131,W,105.6953125
1711662132,R,0.0
1711662132,W,16.984375
1711662133,R,0.0
1711662133,W,0.203125
1711662134,R,0.0
1711662134,W,0.00390625
1711662135,R,0.0
1711662135,W,0.00390625
1711662136,R,0.0
1711662136,W,0.40234375
1711662137,R,0.0
1711662137,W,22.359375
1711662138,R,0.0
1711662138,W,0.18359375
1711662139,R,0.0
1711662139,W,0.0
1711662140,R,0.0
1711662140,W,0.0
1711662141,R,0.0
1711662141,W,0.0390625
1711662142,R,0.0
1711662142,W,109.765625
1711662143,R,0.0
1711662143,W,0.00390625
1711662144,R,0.0
1711662144,W,5.46875
1711662145,R,0.0
1711662145,W,8.3515625
1711662146,R,0.0
1711662146,W,3.33984375
1711662147,R,0.0
1711662147,W,10.52880859375
1711662148,R,0.0
1711662148,W,13.515625
1711662149,R,0.0
1711662149,W,13.00390625
1711662150,R,0.0
1711662150,W,54.15234375
1711662151,R,0.0
1711662151,W,40.47265625
1711662152,R,0.0546875
1711662152,W,161.0
1711662153,R,0.0390625
1711662153,W,242.41796875
1711662154,R,0.05859375
1711662154,W,195.18359375
1711662155,R,0.203125
1711662155,W,437.0546875
1711662156,R,0.046875
1711662156,W,248.58984375
1711662157,R,0.01953125
1711662157,W,247.625
1711662158,R,0.03125
1711662158,W,248.15625
1711662159,R,0.0390625
1711662159,W,248.3203125
1711662160,R,0.07421875
1711662160,W,247.3046875
1711662161,R,0.01953125
1711662161,W,248.0390625
1711662162,R,0.05078125
1711662162,W,248.1484375
1711662163,R,0.0
1711662163,W,247.76953125
1711662164,R,0.0
1711662164,W,248.4453125
1711662165,R,0.0
1711662165,W,248.34765625
1711662166,R,0.0
1711662166,W,247.71484375
1711662167,R,0.0
1711662167,W,247.3125
1711662168,R,0.0
1711662168,W,248.32421875
1711662169,R,0.0
1711662169,W,247.81640625
1711662170,R,0.00390625
1711662170,W,248.046875
1711662171,R,0.01953125
1711662171,W,247.8359375
1711662172,R,0.0
1711662172,W,248.3203125
1711662173,R,0.0
1711662173,W,249.0859375
1711662174,R,0.0
1711662174,W,247.328125
1711662175,R,0.0
1711662175,W,248.2109375
1711662176,R,0.0
1711662176,W,247.8671875
1711662177,R,0.0
1711662177,W,248.140625
1711662178,R,0.0
1711662178,W,248.20703125
1711662179,R,0.0
1711662179,W,247.1328125
1711662180,R,0.0
1711662180,W,248.40625
1711662181,R,0.0
1711662181,W,248.1484375
1711662182,R,0.05078125
1711662182,W,171.015625
1711662183,R,0.31640625
1711662183,W,156.80859375
1711662184,R,0.23828125
1711662184,W,415.484375
1711662185,R,0.03515625
1711662185,W,247.37890625
1711662186,R,0.01171875
1711662186,W,248.30078125
1711662187,R,0.01953125
1711662187,W,248.4453125
1711662188,R,0.01953125
1711662188,W,247.578125
1711662189,R,0.0078125
1711662189,W,248.2109375
1711662190,R,0.015625
1711662190,W,247.890625
1711662191,R,0.03515625
1711662191,W,248.8046875
1711662192,R,0.046875
1711662192,W,247.15234375
1711662193,R,0.0390625
1711662193,W,248.49609375
1711662194,R,0.0625
1711662194,W,247.40234375
1711662195,R,0.01953125
1711662195,W,247.828125
1711662196,R,0.01171875
1711662196,W,248.640625
1711662197,R,0.07421875
1711662197,W,248.0625
1711662198,R,0.0625
1711662198,W,246.703125
1711662199,R,0.0078125
1711662199,W,248.0234375
1711662200,R,0.01171875
1711662200,W,248.1015625
1711662201,R,0.0
1711662201,W,246.55859375
1711662202,R,0.0
1711662202,W,250.32421875
1711662203,R,0.0
1711662203,W,247.84375
1711662204,R,0.0
1711662204,W,247.66015625
1711662205,R,0.0
1711662205,W,247.75
1711662206,R,0.0
1711662206,W,248.359375
1711662207,R,0.0
1711662207,W,247.8125
1711662208,R,0.0
1711662208,W,248.125
1711662209,R,0.0
1711662209,W,248.01171875
1711662210,R,0.0
1711662210,W,247.78515625
1711662211,R,0.0
1711662211,W,248.13671875
1711662212,R,0.24609375
1711662212,W,232.8359375
1711662213,R,0.1484375
1711662213,W,259.43359375
1711662214,R,0.03125
1711662214,W,250.0390625
1711662215,R,0.04296875
1711662215,W,249.01171875
1711662216,R,0.265625
1711662216,W,247.96875
1711662217,R,0.07421875
1711662217,W,248.28125
1711662218,R,1.08984375
1711662218,W,247.26171875
1711662219,R,0.03125
1711662219,W,248.0625
1711662220,R,0.05859375
1711662220,W,247.70703125
1711662221,R,0.12890625
1711662221,W,248.03515625
1711662222,R,0.0234375
1711662222,W,246.84375
1711662223,R,0.546875
1711662223,W,247.78125
1711662224,R,8.1640625
1711662224,W,240.72265625
1711662225,R,0.0859375
1711662225,W,247.3203125
1711662226,R,0.0
1711662226,W,247.09375
1711662227,R,0.0
1711662227,W,248.765625
1711662228,R,0.0
1711662228,W,247.1953125
1711662229,R,0.0234375
1711662229,W,248.91015625
1711662230,R,0.21484375
1711662230,W,245.61328125
1711662231,R,0.046875
1711662231,W,248.8671875
1711662232,R,0.0546875
1711662232,W,248.7578125
1711662233,R,0.0
1711662233,W,247.078125
1711662234,R,0.015625
1711662234,W,249.359375
1711662235,R,0.0
1711662235,W,247.8828125
1711662236,R,0.00390625
1711662236,W,247.6171875
1711662237,R,2.75
1711662237,W,245.30859375
1711662238,R,0.0
1711662238,W,248.87109375
1711662239,R,0.00390625
1711662239,W,247.64453125
1711662240,R,0.0
1711662240,W,248.06640625
1711662241,R,0.0
1711662241,W,248.03125
1711662242,R,0.0
1711662242,W,247.421875
1711662243,R,0.0
1711662243,W,248.64453125
1711662244,R,1.9765625
1711662244,W,244.30859375
1711662245,R,0.5859375
1711662245,W,249.125
1711662246,R,1.6640625
1711662246,W,246.515625
1711662247,R,0.37890625
1711662247,W,247.5703125
1711662248,R,14.6015625
1711662248,W,233.6015625
1711662249,R,0.0078125
1711662249,W,247.80078125
1711662250,R,0.01171875
1711662250,W,246.578125
1711662251,R,0.0
1711662251,W,249.1875
1711662252,R,0.1328125
1711662252,W,246.63671875
1711662253,R,0.0
1711662253,W,248.48828125
1711662254,R,0.0
1711662254,W,247.16015625
1711662255,R,0.0
1711662255,W,248.2109375
1711662256,R,0.0078125
1711662256,W,248.8984375
1711662257,R,0.0
1711662257,W,246.41015625
1711662258,R,0.0
1711662258,W,249.20703125
1711662259,R,0.0
1711662259,W,249.2109375
1711662260,R,6.06640625
1711662260,W,240.22265625
1711662261,R,0.18359375
1711662261,W,247.4921875
1711662262,R,0.453125
1711662262,W,248.34765625
1711662263,R,1.20703125
1711662263,W,247.06640625
1711662264,R,0.19921875
1711662264,W,236.24609375
1711662265,R,1.58203125
1711662265,W,259.21484375
1711662266,R,1.98828125
1711662266,W,243.32421875
1711662267,R,0.01171875
1711662267,W,250.0546875
1711662268,R,0.03515625
1711662268,W,246.6640625
1711662269,R,0.015625
1711662269,W,248.71875
1711662270,R,0.00390625
1711662270,W,248.2109375
1711662271,R,0.015625
1711662271,W,247.65234375
1711662272,R,0.0078125
1711662272,W,247.6796875
1711662273,R,2.98046875
1711662273,W,247.15625
1711662274,R,4.00390625
1711662274,W,242.2421875
1711662275,R,0.0
1711662275,W,248.91015625
1711662276,R,0.0
1711662276,W,247.9609375
1711662277,R,0.0
1711662277,W,247.98828125
1711662278,R,0.0
1711662278,W,247.87890625
1711662279,R,0.0
1711662279,W,248.3828125
1711662280,R,0.015625
1711662280,W,247.3828125
1711662281,R,1.16796875
1711662281,W,246.94921875
1711662282,R,0.1875
1711662282,W,245.72265625
1711662283,R,0.02734375
1711662283,W,250.44140625
1711662284,R,11.37890625
1711662284,W,235.078125
1711662285,R,0.0
1711662285,W,248.0859375
1711662286,R,0.0
1711662286,W,247.40234375
1711662287,R,0.0
1711662287,W,248.12109375
1711662288,R,0.0078125
1711662288,W,247.8203125
1711662289,R,0.0
1711662289,W,248.0
1711662290,R,0.0
1711662290,W,248.25
1711662291,R,0.0
1711662291,W,247.58984375
1711662292,R,0.00390625
1711662292,W,248.0390625
1711662293,R,0.00390625
1711662293,W,249.46875
1711662294,R,0.0
1711662294,W,247.828125
1711662295,R,0.375
1711662295,W,247.6875
1711662296,R,0.0
1711662296,W,247.328125
1711662297,R,0.0
1711662297,W,248.91015625
1711662298,R,0.0
1711662298,W,248.265625
1711662299,R,0.0
1711662299,W,246.28125
1711662300,R,5.0
1711662300,W,243.5078125
1711662301,R,0.00390625
1711662301,W,248.6796875
1711662302,R,1.4921875
1711662302,W,245.15625
1711662303,R,0.0
1711662303,W,248.27734375
1711662304,R,0.0
1711662304,W,248.02734375
1711662305,R,0.00390625
1711662305,W,248.65234375
1711662306,R,0.00390625
1711662306,W,247.41796875
1711662307,R,0.0
1711662307,W,247.96484375
1711662308,R,0.0
1711662308,W,248.00390625
1711662309,R,0.00390625
1711662309,W,248.54296875
1711662310,R,0.05859375
1711662310,W,247.41015625
1711662311,R,0.0
1711662311,W,248.546875
1711662312,R,0.0
1711662312,W,247.6328125
1711662313,R,1.0546875
1711662313,W,246.8203125
1711662314,R,0.0
1711662314,W,247.86328125
1711662315,R,0.0
1711662315,W,248.20703125
1711662316,R,0.0
1711662316,W,248.26171875
1711662317,R,0.0
1711662317,W,247.48046875
1711662318,R,0.0
1711662318,W,248.00390625
1711662319,R,0.00390625
1711662319,W,247.94140625
1711662320,R,1.625
1711662320,W,246.4453125
1711662321,R,28.5703125
1711662321,W,219.2265625
1711662322,R,0.0
1711662322,W,248.5546875
1711662323,R,0.0
1711662323,W,247.9375
1711662324,R,26.375
1711662324,W,221.83984375
1711662325,R,3.375
1711662325,W,245.55859375
1711662326,R,0.0
1711662326,W,247.69921875
1711662327,R,1.06640625
1711662327,W,246.25390625
1711662328,R,0.0
1711662328,W,247.93359375
1711662329,R,0.0
1711662329,W,248.42578125
1711662330,R,7.10546875
1711662330,W,241.01953125
1711662331,R,0.0
1711662331,W,247.390625
1711662332,R,0.0
1711662332,W,248.30078125
1711662333,R,0.0
1711662333,W,247.765625
1711662334,R,0.00390625
1711662334,W,247.75
1711662335,R,0.0
1711662335,W,248.87890625
1711662336,R,0.0
1711662336,W,247.12890625
1711662337,R,0.0
1711662337,W,248.51953125
1711662338,R,56.26171875
1711662338,W,183.66796875
1711662339,R,16.00390625
1711662339,W,239.54296875
1711662340,R,26.421875
1711662340,W,221.77734375
1711662341,R,44.24609375
1711662341,W,204.3828125
1711662342,R,40.32421875
1711662342,W,207.96875
1711662343,R,43.2890625
1711662343,W,204.39453125
1711662344,R,8.0546875
1711662344,W,239.66015625
1711662345,R,0.0
1711662345,W,247.82421875
1711662346,R,6.10546875
1711662346,W,215.375
1711662347,R,125.22265625
1711662347,W,149.6640625
1711662348,R,15.375
1711662348,W,232.15234375
1711662349,R,0.0703125
1711662349,W,248.4921875
1711662350,R,20.1953125
1711662350,W,211.62890625
1711662351,R,37.15234375
1711662351,W,226.80859375
1711662352,R,7.4609375
1711662352,W,241.16015625
1711662353,R,31.2890625
1711662353,W,216.59375
1711662354,R,21.11328125
1711662354,W,226.921875
1711662355,R,14.68359375
1711662355,W,232.73046875
1711662356,R,17.5234375
1711662356,W,230.74609375
1711662357,R,12.05078125
1711662357,W,234.97265625
1711662358,R,31.6171875
1711662358,W,216.78515625
1711662359,R,0.015625
1711662359,W,248.859375
1711662360,R,51.2734375
1711662360,W,196.6171875
1711662361,R,16.15234375
1711662361,W,231.82421875
1711662362,R,12.0078125
1711662362,W,235.9609375
1711662363,R,11.13671875
1711662363,W,236.6015625
1711662364,R,78.01953125
1711662364,W,151.34375
1711662365,R,35.00390625
1711662365,W,232.10546875
1711662366,R,20.421875
1711662366,W,225.796875
1711662367,R,1.0703125
1711662367,W,248.46484375
1711662368,R,0.015625
1711662368,W,248.06640625
1711662369,R,0.0
1711662369,W,248.296875
1711662370,R,0.0
1711662370,W,246.10546875
1711662371,R,0.0
1711662371,W,247.8203125
1711662372,R,3.40625
1711662372,W,244.89453125
1711662373,R,68.609375
1711662373,W,179.484375
1711662374,R,21.57421875
1711662374,W,226.38671875
1711662375,R,0.703125
1711662375,W,249.171875
1711662376,R,0.9609375
1711662376,W,245.640625
1711662377,R,2.6875
1711662377,W,245.77734375
1711662378,R,4.39453125
1711662378,W,241.6015625
1711662379,R,22.5625
1711662379,W,226.83984375
1711662380,R,182.09765625
1711662380,W,66.47265625
1711662381,R,30.96875
1711662381,W,217.49609375
1711662382,R,14.21875
1711662382,W,232.8203125
1711662383,R,0.0
1711662383,W,248.80859375
1711662384,R,1.4140625
1711662384,W,245.078125
1711662385,R,21.31640625
1711662385,W,226.3046875
1711662386,R,53.46875
1711662386,W,195.33984375
1711662387,R,5.69921875
1711662387,W,243.875
1711662388,R,0.0
1711662388,W,248.21875
1711662389,R,6.69140625
1711662389,W,239.0546875
1711662390,R,0.0
1711662390,W,249.96484375
1711662391,R,8.75390625
1711662391,W,239.921875
1711662392,R,0.0
1711662392,W,247.3125
1711662393,R,64.2734375
1711662393,W,175.49609375
1711662394,R,19.328125
1711662394,W,237.0078125
1711662395,R,2.4609375
1711662395,W,245.8203125
1711662396,R,37.890625
1711662396,W,210.21484375
1711662397,R,90.609375
1711662397,W,155.640625
1711662398,R,58.0625
1711662398,W,180.76171875
1711662399,R,66.31640625
1711662399,W,191.8359375
1711662400,R,3.953125
1711662400,W,242.671875
1711662401,R,14.75390625
1711662401,W,233.83203125
1711662402,R,0.0
1711662402,W,248.375
1711662403,R,12.61328125
1711662403,W,236.31640625
1711662404,R,25.703125
1711662404,W,222.17578125
1711662405,R,9.7734375
1711662405,W,238.11328125
1711662406,R,4.04296875
1711662406,W,244.54296875
1711662407,R,8.65625
1711662407,W,238.75390625
1711662408,R,1.50390625
1711662408,W,246.125
1711662409,R,1.9296875
1711662409,W,246.29296875
1711662410,R,31.87109375
1711662410,W,216.1484375
1711662411,R,47.5390625
1711662411,W,191.83203125
1711662412,R,64.8828125
1711662412,W,190.42578125
1711662413,R,105.55859375
1711662413,W,131.69140625
1711662414,R,53.43359375
1711662414,W,204.93359375
1711662415,R,69.12109375
1711662415,W,178.8671875
1711662416,R,50.703125
1711662416,W,197.59765625
1711662417,R,56.17578125
1711662417,W,191.609375
1711662418,R,47.76953125
1711662418,W,200.1328125
1711662419,R,33.796875
1711662419,W,214.77734375
1711662420,R,62.203125
1711662420,W,185.52734375
1711662421,R,40.98828125
1711662421,W,207.24609375
1711662422,R,51.01171875
1711662422,W,197.171875
1711662423,R,40.0
1711662423,W,208.16015625
1711662424,R,56.67578125
1711662424,W,190.96875
1711662425,R,15.5078125
1711662425,W,233.3046875
1711662426,R,24.0
1711662426,W,222.859375
1711662427,R,37.671875
1711662427,W,210.71484375
1711662428,R,46.484375
1711662428,W,201.1484375
1711662429,R,36.0
1711662429,W,212.421875
1711662430,R,23.90234375
1711662430,W,223.84765625
1711662431,R,33.0625
1711662431,W,215.296875
1711662432,R,3.04296875
1711662432,W,244.6875
1711662433,R,25.25
1711662433,W,222.41796875
1711662434,R,46.75
1711662434,W,201.1953125
1711662435,R,20.00390625
1711662435,W,228.55078125
1711662436,R,36.00390625
1711662436,W,212.02734375
1711662437,R,40.0
1711662437,W,208.390625
1711662438,R,20.0
1711662438,W,227.5703125
1711662439,R,34.82421875
1711662439,W,213.51953125
1711662440,R,49.1796875
1711662440,W,198.50390625
1711662441,R,31.96484375
1711662441,W,216.171875
1711662442,R,34.78515625
1711662442,W,213.625
1711662443,R,33.203125
1711662443,W,213.77734375
1711662444,R,42.76953125
1711662444,W,205.09765625
1711662445,R,18.390625
1711662445,W,229.9140625
1711662446,R,18.78515625
1711662446,W,229.13671875
1711662447,R,39.671875
1711662447,W,209.078125
1711662448,R,19.09375
1711662448,W,228.8125
1711662449,R,12.0
1711662449,W,235.83203125
1711662450,R,18.25
1711662450,W,229.84765625
1711662451,R,25.75
1711662451,W,222.1015625
1711662452,R,48.59375
1711662452,W,199.3359375
1711662453,R,21.48046875
1711662453,W,226.72265625
1711662454,R,29.14453125
1711662454,W,219.1484375
1711662455,R,18.5703125
1711662455,W,229.3359375
1711662456,R,31.0546875
1711662456,W,217.03125
1711662457,R,22.390625
1711662457,W,225.859375
1711662458,R,8.9921875
1711662458,W,238.86328125
1711662459,R,22.3828125
1711662459,W,224.7578125
1711662460,R,20.9765625
1711662460,W,227.3359375
1711662461,R,12.0
1711662461,W,235.98046875
1711662462,R,8.01171875
1711662462,W,240.40234375
1711662463,R,46.23828125
1711662463,W,201.66796875
1711662464,R,59.52734375
1711662464,W,189.16796875
1711662465,R,56.0
1711662465,W,191.25390625
1711662466,R,59.8125
1711662466,W,187.8515625
1711662467,R,14.8671875
1711662467,W,233.32421875
1711662468,R,2.87890625
1711662468,W,245.2265625
1711662469,R,2.48828125
1711662469,W,245.390625
1711662470,R,0.0
1711662470,W,247.6015625
1711662471,R,13.14453125
1711662471,W,199.89453125
1711662472,R,0.0
1711662472,W,283.50390625
1711662473,R,19.37890625
1711662473,W,228.44921875
1711662474,R,0.03515625
1711662474,W,247.9375
1711662475,R,0.07421875
1711662475,W,247.6875
1711662476,R,0.015625
1711662476,W,248.73828125
1711662477,R,0.015625
1711662477,W,246.71484375
1711662478,R,0.0078125
1711662478,W,249.046875
1711662479,R,0.01953125
1711662479,W,246.53125
1711662480,R,0.0
1711662480,W,249.35546875
1711662481,R,0.0
1711662481,W,247.0234375
1711662482,R,0.0
1711662482,W,249.4296875
1711662483,R,0.0
1711662483,W,247.546875
1711662484,R,0.54296875
1711662484,W,247.625
1711662485,R,1.625
1711662485,W,245.99609375
1711662486,R,1.44921875
1711662486,W,246.7578125
1711662487,R,0.0
1711662487,W,248.0390625
1711662488,R,0.0546875
1711662488,W,248.0234375
1711662489,R,0.046875
1711662489,W,248.375
1711662490,R,0.0
1711662490,W,247.91796875
1711662491,R,0.0
1711662491,W,248.09375
1711662492,R,9.2265625
1711662492,W,237.5859375
1711662493,R,0.24609375
1711662493,W,247.5
1711662494,R,6.30859375
1711662494,W,242.859375
1711662495,R,0.01953125
1711662495,W,248.01953125
1711662496,R,0.0
1711662496,W,247.67578125
1711662497,R,0.0
1711662497,W,248.01953125
1711662498,R,0.0
1711662498,W,248.03125
1711662499,R,0.00390625
1711662499,W,247.94921875
1711662500,R,7.62890625
1711662500,W,240.35546875
1711662501,R,28.11328125
1711662501,W,219.71484375
1711662502,R,28.0
1711662502,W,220.203125
1711662503,R,75.7265625
1711662503,W,141.734375
1711662504,R,232.48046875
1711662504,W,45.63671875
1711662505,R,239.703125
1711662505,W,9.19140625
1711662506,R,134.2578125
1711662506,W,113.98046875
1711662507,R,48.0390625
1711662507,W,198.1640625
1711662508,R,0.0
1711662508,W,249.22265625
1711662509,R,0.0
1711662509,W,248.06640625
1711662510,R,0.00390625
1711662510,W,248.08203125
1711662511,R,0.76953125
1711662511,W,247.40234375
1711662512,R,0.00390625
1711662512,W,247.125
1711662513,R,0.00390625
1711662513,W,247.27734375
1711662514,R,0.20703125
1711662514,W,248.96484375
1711662515,R,0.0
1711662515,W,248.25
1711662516,R,0.0
1711662516,W,247.546875
1711662517,R,0.0
1711662517,W,247.984375
1711662518,R,0.0078125
1711662518,W,249.2578125
1711662519,R,0.12890625
1711662519,W,247.58984375
1711662520,R,0.27734375
1711662520,W,247.8359375
1711662521,R,0.00390625
1711662521,W,247.91015625
1711662522,R,0.0
1711662522,W,248.00390625
1711662523,R,0.0
1711662523,W,245.95703125
1711662524,R,0.0
1711662524,W,248.953125
1711662525,R,119.859375
1711662525,W,129.11328125
1711662526,R,120.078125
1711662526,W,127.375
1711662527,R,45.05078125
1711662527,W,203.44921875
1711662528,R,22.7734375
1711662528,W,225.34765625
1711662529,R,56.1171875
1711662529,W,191.875
1711662530,R,39.203125
1711662530,W,207.76171875
1711662531,R,46.25
1711662531,W,202.69140625
1711662532,R,31.99609375
1711662532,W,216.50390625
1711662533,R,41.98046875
1711662533,W,206.515625
1711662534,R,53.94140625
1711662534,W,193.546875
1711662535,R,38.375
1711662535,W,210.4296875
1711662536,R,22.5078125
1711662536,W,224.765625
1711662537,R,56.03125
1711662537,W,190.16796875
1711662538,R,0.0
1711662538,W,248.90625
1711662539,R,0.00390625
1711662539,W,248.37109375
1711662540,R,0.0
1711662540,W,248.25390625
1711662541,R,2.99609375
1711662541,W,243.31640625
1711662542,R,0.00390625
1711662542,W,249.12109375
1711662543,R,3.1875
1711662543,W,245.5703125
1711662544,R,16.64453125
1711662544,W,231.109375
1711662545,R,0.00390625
1711662545,W,247.03515625
1711662546,R,0.0
1711662546,W,247.16796875
1711662547,R,15.62890625
1711662547,W,232.046875
1711662548,R,15.01953125
1711662548,W,233.76171875
1711662549,R,28.94140625
1711662549,W,218.17578125
1711662550,R,4.0
1711662550,W,244.9921875
1711662551,R,18.63671875
1711662551,W,228.46875
1711662552,R,19.60546875
1711662552,W,228.83203125
1711662553,R,19.91015625
1711662553,W,227.84765625
1711662554,R,2.61328125
1711662554,W,245.2265625
1711662555,R,14.33203125
1711662555,W,234.09375
1711662556,R,24.0
1711662556,W,223.50390625
1711662557,R,45.015625
1711662557,W,203.828125
1711662558,R,60.89453125
1711662558,W,186.78125
1711662559,R,88.953125
1711662559,W,159.14453125
1711662560,R,33.375
1711662560,W,214.40234375
1711662561,R,73.89453125
1711662561,W,174.3359375
1711662562,R,26.80859375
1711662562,W,221.39453125
1711662563,R,75.80859375
1711662563,W,171.69140625
1711662564,R,39.390625
1711662564,W,208.66015625
1711662565,R,12.1640625
1711662565,W,235.73828125
1711662566,R,129.734375
1711662566,W,118.76953125
1711662567,R,68.31640625
1711662567,W,179.57421875
1711662568,R,94.15625
1711662568,W,153.3125
1711662569,R,2.30078125
1711662569,W,245.9375
1711662570,R,0.0234375
1711662570,W,247.69921875
1711662571,R,2.1328125
1711662571,W,245.96484375
1711662572,R,1.125
1711662572,W,247.12890625
1711662573,R,0.109375
1711662573,W,248.1875
1711662574,R,0.03125
1711662574,W,247.45703125
1711662575,R,6.33203125
1711662575,W,241.765625
1711662576,R,0.14453125
1711662576,W,247.84765625
1711662577,R,1.33984375
1711662577,W,246.8359375
1711662578,R,0.0
1711662578,W,248.08203125
1711662579,R,0.875
1711662579,W,246.83203125
1711662580,R,0.0625
1711662580,W,248.296875
1711662581,R,0.09765625
1711662581,W,247.609375
1711662582,R,0.0078125
1711662582,W,248.49609375
1711662583,R,0.01953125
1711662583,W,248.12109375
1711662584,R,7.765625
1711662584,W,240.8125
1711662585,R,0.10546875
1711662585,W,247.375
1711662586,R,0.0078125
1711662586,W,247.0078125
1711662587,R,0.078125
1711662587,W,249.09765625
1711662588,R,0.0
1711662588,W,247.875
1711662589,R,0.01171875
1711662589,W,247.79296875
1711662590,R,0.04296875
1711662590,W,248.65625
1711662591,R,1.92578125
1711662591,W,245.65234375
1711662592,R,2.10546875
1711662592,W,245.84765625
1711662593,R,12.015625
1711662593,W,235.6640625
1711662594,R,12.0078125
1711662594,W,235.9375
1711662595,R,0.015625
1711662595,W,248.1640625
1711662596,R,1.10546875
1711662596,W,246.6171875
1711662597,R,4.12109375
1711662597,W,244.0625
1711662598,R,8.015625
1711662598,W,239.828125
1711662599,R,17.63671875
1711662599,W,231.33984375
1711662600,R,2.39453125
1711662600,W,244.8359375
1711662601,R,4.0078125
1711662601,W,244.44140625
1711662602,R,21.02734375
1711662602,W,214.66015625
1711662603,R,196.1328125
1711662603,W,64.12890625
1711662604,R,222.18359375
1711662604,W,25.48828125
1711662605,R,100.49609375
1711662605,W,147.34765625
1711662606,R,81.37890625
1711662606,W,166.671875
1711662607,R,107.11328125
1711662607,W,140.9453125
1711662608,R,73.42578125
1711662608,W,174.453125
1711662609,R,23.71875
1711662609,W,224.77734375
1711662610,R,30.5234375
1711662610,W,217.3125
1711662611,R,12.07421875
1711662611,W,235.4296875
1711662612,R,23.7265625
1711662612,W,224.8046875
1711662613,R,11.25390625
1711662613,W,236.59375
1711662614,R,39.55859375
1711662614,W,208.56640625
1711662615,R,0.0
1711662615,W,247.83203125
1711662616,R,20.8515625
1711662616,W,227.72265625
1711662617,R,58.22265625
1711662617,W,189.36328125
1711662618,R,5.71875
1711662618,W,242.31640625
1711662619,R,2.3046875
1711662619,W,245.78515625
1711662620,R,77.41015625
1711662620,W,170.58203125
1711662621,R,36.23828125
1711662621,W,211.4765625
1711662622,R,21.00390625
1711662622,W,227.3828125
1711662623,R,16.69921875
1711662623,W,231.12109375
1711662624,R,9.53515625
1711662624,W,238.2265625
1711662625,R,40.74609375
1711662625,W,207.4140625
1711662626,R,96.01953125
1711662626,W,151.78125
1711662627,R,73.97265625
1711662627,W,174.25390625
1711662628,R,22.109375
1711662628,W,225.68359375
1711662629,R,17.90234375
1711662629,W,230.24609375
1711662630,R,16.84375
1711662630,W,231.08984375
1711662631,R,194.2421875
1711662631,W,53.96484375
1711662632,R,236.80859375
1711662632,W,11.109375
1711662633,R,212.8046875
1711662633,W,35.3984375
1711662634,R,218.7109375
1711662634,W,29.28125
1711662635,R,170.00390625
1711662635,W,77.5625
1711662636,R,128.0078125
1711662636,W,120.125
1711662637,R,141.5859375
1711662637,W,106.6484375
1711662638,R,101.50390625
1711662638,W,146.06640625
1711662639,R,133.85546875
1711662639,W,114.6171875
1711662640,R,56.16015625
1711662640,W,191.2890625
1711662641,R,102.71875
1711662641,W,145.421875
1711662642,R,140.046875
1711662642,W,108.04296875
1711662643,R,53.1171875
1711662643,W,195.39453125
1711662644,R,42.0078125
1711662644,W,205.53515625
1711662645,R,59.9453125
1711662645,W,188.6015625
1711662646,R,116.15625
1711662646,W,131.92578125
1711662647,R,64.7109375
1711662647,W,184.04296875
1711662648,R,60.609375
1711662648,W,187.2265625
1711662649,R,60.5625
1711662649,W,187.53515625
1711662650,R,81.33203125
1711662650,W,166.578125
1711662651,R,94.875
1711662651,W,152.546875
1711662652,R,107.3046875
1711662652,W,141.125
1711662653,R,83.1328125
1711662653,W,164.72265625
1711662654,R,56.015625
1711662654,W,192.05859375
1711662655,R,85.28125
1711662655,W,162.4765625
1711662656,R,140.63671875
1711662656,W,107.32421875
1711662657,R,94.140625
1711662657,W,152.77734375
1711662658,R,40.79296875
1711662658,W,207.80078125
1711662659,R,60.42578125
1711662659,W,187.83984375
1711662660,R,4.01953125
1711662660,W,243.19921875
1711662661,R,36.0078125
1711662661,W,211.80078125
1711662662,R,36.7734375
1711662662,W,212.01171875
1711662663,R,53.59765625
1711662663,W,195.09765625
1711662664,R,43.58203125
1711662664,W,204.20703125
1711662665,R,46.9921875
1711662665,W,201.3671875
1711662666,R,81.390625
1711662666,W,167.0625
1711662667,R,29.59375
1711662667,W,217.875
1711662668,R,41.625
1711662668,W,206.5546875
1711662669,R,74.3828125
1711662669,W,174.09765625
1711662670,R,72.00390625
1711662670,W,175.921875
1711662671,R,60.00390625
1711662671,W,188.1953125
1711662672,R,41.671875
1711662672,W,206.23828125
1711662673,R,79.0078125
1711662673,W,169.1640625
1711662674,R,100.0859375
1711662674,W,147.90234375
1711662675,R,21.3671875
1711662675,W,226.53125
1711662676,R,0.0078125
1711662676,W,248.33203125
1711662677,R,8.05859375
1711662677,W,239.6328125
1711662678,R,45.53125
1711662678,W,202.4453125
1711662679,R,76.59375
1711662679,W,171.12109375
1711662680,R,84.5
1711662680,W,163.796875
1711662681,R,50.94140625
1711662681,W,197.06640625
1711662682,R,12.56640625
1711662682,W,235.37109375
1711662683,R,93.1640625
1711662683,W,153.1171875
1711662684,R,98.38671875
1711662684,W,150.09765625
1711662685,R,133.5234375
1711662685,W,114.52734375
1711662686,R,54.05078125
1711662686,W,193.1015625
1711662687,R,28.5859375
1711662687,W,219.6953125
1711662688,R,37.33203125
1711662688,W,210.7421875
1711662689,R,50.41796875
1711662689,W,198.33203125
1711662690,R,40.05859375
1711662690,W,207.26953125
1711662691,R,20.47265625
1711662691,W,227.65234375
1711662692,R,71.37890625
1711662692,W,179.1484375
1711662693,R,28.078125
1711662693,W,217.8671875
1711662694,R,56.38671875
1711662694,W,191.65234375
1711662695,R,67.48046875
1711662695,W,182.16796875
1711662696,R,39.13671875
1711662696,W,208.33203125
1711662697,R,32.875
1711662697,W,214.921875
1711662698,R,47.87890625
1711662698,W,199.10546875
1711662699,R,84.00390625
1711662699,W,165.01171875
1711662700,R,24.0
1711662700,W,223.90625
1711662701,R,55.2734375
1711662701,W,192.796875
1711662702,R,17.1328125
1711662702,W,231.21875
1711662703,R,85.15625
1711662703,W,162.18359375
1711662704,R,76.015625
1711662704,W,171.94140625
1711662705,R,27.9921875
1711662705,W,221.40234375
1711662706,R,4.0
1711662706,W,243.96875
1711662707,R,4.0078125
1711662707,W,243.4296875
1711662708,R,0.0
1711662708,W,247.6484375
1711662709,R,20.14453125
1711662709,W,227.8125
1711662710,R,26.796875
1711662710,W,222.5390625
1711662711,R,61.26171875
1711662711,W,184.421875
1711662712,R,76.015625
1711662712,W,171.98828125
1711662713,R,75.890625
1711662713,W,172.1953125
1711662714,R,68.8359375
1711662714,W,180.734375
1711662715,R,67.21484375
1711662715,W,179.203125
1711662716,R,58.3125
1711662716,W,189.78515625
1711662717,R,36.4453125
1711662717,W,211.703125
1711662718,R,21.37109375
1711662718,W,227.8984375
1711662719,R,32.00390625
1711662719,W,215.5390625
1711662720,R,43.0234375
1711662720,W,205.31640625
1711662721,R,21.828125
1711662721,W,226.0234375
1711662722,R,67.54296875
1711662722,W,181.5703125
1711662723,R,36.390625
1711662723,W,209.65234375
1711662724,R,147.1328125
1711662724,W,102.54296875
1711662725,R,137.984375
1711662725,W,108.2265625
1711662726,R,21.796875
1711662726,W,225.96484375
1711662727,R,43.55859375
1711662727,W,204.6875
1711662728,R,67.875
1711662728,W,179.99609375
1711662729,R,51.234375
1711662729,W,196.79296875
1711662730,R,44.04296875
1711662730,W,202.4140625
1711662731,R,40.66015625
1711662731,W,209.07421875
1711662732,R,56.00390625
1711662732,W,191.99609375
1711662733,R,56.07421875
1711662733,W,191.7734375
1711662734,R,66.921875
1711662734,W,180.84765625
1711662735,R,60.0078125
1711662735,W,188.01171875
1711662736,R,74.734375
1711662736,W,173.578125
1711662737,R,56.01953125
1711662737,W,191.7734375
1711662738,R,78.0390625
1711662738,W,170.5
1711662739,R,52.00390625
1711662739,W,195.63671875
1711662740,R,49.203125
1711662740,W,199.1953125
1711662741,R,102.0078125
1711662741,W,145.7890625
1711662742,R,73.6328125
1711662742,W,174.17578125
1711662743,R,97.13671875
1711662743,W,150.94140625
1711662744,R,101.8359375
1711662744,W,146.06640625
1711662745,R,102.1796875
1711662745,W,146.79296875
1711662746,R,63.37890625
1711662746,W,184.76953125
1711662747,R,54.51171875
1711662747,W,193.203125
1711662748,R,42.97265625
1711662748,W,205.74609375
1711662749,R,4.93359375
1711662749,W,242.34375
1711662750,R,34.1484375
1711662750,W,214.0859375
1711662751,R,64.609375
1711662751,W,182.4140625
1711662752,R,90.34765625
1711662752,W,158.16015625
1711662753,R,51.83203125
1711662753,W,196.27734375
1711662754,R,32.98046875
1711662754,W,214.7109375
1711662755,R,56.92578125
1711662755,W,191.0
1711662756,R,36.21484375
1711662756,W,211.96484375
1711662757,R,141.1796875
1711662757,W,107.14453125
1711662758,R,234.71875
1711662758,W,12.52734375
1711662759,R,96.890625
1711662759,W,150.44921875
1711662760,R,80.640625
1711662760,W,167.2421875
1711662761,R,83.96484375
1711662761,W,164.2421875
1711662762,R,31.23046875
1711662762,W,216.55078125
1711662763,R,67.90234375
1711662763,W,179.9921875
1711662764,R,58.94921875
1711662764,W,189.03515625
1711662765,R,68.14453125
1711662765,W,180.2578125
1711662766,R,42.58203125
1711662766,W,205.73046875
1711662767,R,4.0234375
1711662767,W,244.04296875
1711662768,R,0.0234375
1711662768,W,247.9921875
1711662769,R,36.54296875
1711662769,W,211.47265625
1711662770,R,1.4765625
1711662770,W,246.57421875
1711662771,R,93.93359375
1711662771,W,154.0078125
1711662772,R,211.44921875
1711662772,W,36.51953125
1711662773,R,231.96875
1711662773,W,16.08984375
1711662774,R,87.51953125
1711662774,W,160.14453125
1711662775,R,79.85546875
1711662775,W,168.2734375
1711662776,R,45.8984375
1711662776,W,202.1796875
1711662777,R,76.53125
1711662777,W,171.296875
1711662778,R,46.27734375
1711662778,W,201.71875
1711662779,R,57.67578125
1711662779,W,190.33984375
1711662780,R,65.28515625
1711662780,W,183.453125
1711662781,R,111.80078125
1711662781,W,135.80078125
1711662782,R,67.1875
1711662782,W,181.1875
1711662783,R,0.30859375
1711662783,W,247.3515625
1711662784,R,8.80859375
1711662784,W,239.05859375
1711662785,R,35.875
1711662785,W,212.16015625
1711662786,R,28.0
1711662786,W,219.9765625
1711662787,R,46.0
1711662787,W,201.99609375
1711662788,R,47.10546875
1711662788,W,200.90625
1711662789,R,26.6640625
1711662789,W,200.9375
1711662790,R,180.16015625
1711662790,W,87.9609375
1711662791,R,108.28125
1711662791,W,139.86328125
1711662792,R,115.859375
1711662792,W,132.40234375
1711662793,R,47.9609375
1711662793,W,199.9453125
1711662794,R,56.04296875
1711662794,W,192.09765625
1711662795,R,71.875
1711662795,W,175.25
1711662796,R,58.625
1711662796,W,190.171875
1711662797,R,36.25
1711662797,W,210.98046875
1711662798,R,62.265625
1711662798,W,186.40234375
1711662799,R,74.953125
1711662799,W,172.4296875
1711662800,R,39.6953125
1711662800,W,208.84375
1711662801,R,36.55078125
1711662801,W,211.86328125
1711662802,R,8.0
1711662802,W,239.65234375
1711662803,R,30.80078125
1711662803,W,217.31640625
1711662804,R,3.0625
1711662804,W,245.15234375
1711662805,R,18.67578125
1711662805,W,227.42578125
1711662806,R,51.75
1711662806,W,197.6875
1711662807,R,70.8828125
1711662807,W,177.484375
1711662808,R,104.90625
1711662808,W,143.34375
1711662809,R,62.7890625
1711662809,W,184.5390625
1711662810,R,64.01171875
1711662810,W,184.390625
1711662811,R,91.51171875
1711662811,W,156.27734375
1711662812,R,81.43359375
1711662812,W,166.328125
1711662813,R,152.87890625
1711662813,W,92.86328125
1711662814,R,159.53125
1711662814,W,89.52734375
1711662815,R,129.140625
1711662815,W,120.28125
1711662816,R,106.7578125
1711662816,W,141.14453125
1711662817,R,92.12109375
1711662817,W,155.94921875
1711662818,R,197.078125
1711662818,W,50.90625
1711662819,R,131.8203125
1711662819,W,115.390625
1711662820,R,119.9765625
1711662820,W,128.8359375
1711662821,R,71.546875
1711662821,W,176.96484375
1711662822,R,49.23046875
1711662822,W,199.02734375
1711662823,R,135.9375
1711662823,W,112.0390625
1711662824,R,14.27734375
1711662824,W,233.328125
1711662825,R,48.03515625
1711662825,W,200.15625
1711662826,R,126.19921875
1711662826,W,121.5390625
1711662827,R,175.84375
1711662827,W,71.1953125
1711662828,R,109.26953125
1711662828,W,137.9921875
1711662829,R,114.8984375
1711662829,W,133.27734375
1711662830,R,109.73828125
1711662830,W,138.84765625
1711662831,R,75.203125
1711662831,W,171.5390625
1711662832,R,70.78125
1711662832,W,176.76953125
1711662833,R,43.9296875
1711662833,W,205.5546875
1711662834,R,16.0
1711662834,W,232.140625
1711662835,R,76.9609375
1711662835,W,171.0234375
1711662836,R,74.93359375
1711662836,W,172.40625
1711662837,R,24.04296875
1711662837,W,224.23828125
1711662838,R,41.4765625
1711662838,W,206.71875
1711662839,R,26.5390625
1711662839,W,221.96875
1711662840,R,21.51953125
1711662840,W,225.3203125
1711662841,R,31.90625
1711662841,W,217.4140625
1711662842,R,52.609375
1711662842,W,196.12890625
1711662843,R,49.27734375
1711662843,W,198.79296875
1711662844,R,94.796875
1711662844,W,152.99609375
1711662845,R,72.76171875
1711662845,W,174.8828125
1711662846,R,95.74609375
1711662846,W,152.46875
1711662847,R,57.0
1711662847,W,190.04296875
1711662848,R,79.03515625
1711662848,W,170.2421875
1711662849,R,107.8828125
1711662849,W,139.91015625
1711662850,R,107.05859375
1711662850,W,141.2265625
1711662851,R,68.0
1711662851,W,179.4921875
1711662852,R,52.80078125
1711662852,W,194.234375
1711662853,R,91.19921875
1711662853,W,156.9140625
1711662854,R,36.82421875
1711662854,W,209.9765625
1711662855,R,121.859375
1711662855,W,126.3984375
1711662856,R,60.06640625
1711662856,W,187.625
1711662857,R,85.27734375
1711662857,W,162.734375
1711662858,R,40.01953125
1711662858,W,207.91015625
1711662859,R,60.08984375
1711662859,W,188.03515625
1711662860,R,11.8046875
1711662860,W,236.0390625
1711662861,R,12.421875
1711662861,W,235.8203125
1711662862,R,8.22265625
1711662862,W,240.09765625
1711662863,R,37.296875
1711662863,W,210.5546875
1711662864,R,0.0
1711662864,W,248.0859375
1711662865,R,3.96484375
1711662865,W,243.94140625
1711662866,R,17.359375
1711662866,W,230.5703125
1711662867,R,7.50390625
1711662867,W,240.6171875
1711662868,R,0.0
1711662868,W,247.9296875
1711662869,R,0.0
1711662869,W,247.89453125
1711662870,R,1.9609375
1711662870,W,247.55078125
1711662871,R,0.02734375
1711662871,W,248.01171875
1711662872,R,0.0
1711662872,W,247.4296875
1711662873,R,1.1640625
1711662873,W,246.9296875
1711662874,R,0.86328125
1711662874,W,246.04296875
1711662875,R,30.42578125
1711662875,W,219.24609375
1711662876,R,56.359375
1711662876,W,190.546875
1711662877,R,40.88671875
1711662877,W,207.4140625
1711662878,R,70.92578125
1711662878,W,176.734375
1711662879,R,37.69921875
1711662879,W,210.5625
1711662880,R,61.546875
1711662880,W,186.26171875
1711662881,R,55.6015625
1711662881,W,192.9375
1711662882,R,122.3046875
1711662882,W,124.96484375
1711662883,R,213.8203125
1711662883,W,34.015625
1711662884,R,174.16796875
1711662884,W,74.0546875
1711662885,R,69.38671875
1711662885,W,178.95703125
1711662886,R,36.13671875
1711662886,W,211.453125
1711662887,R,15.8984375
1711662887,W,232.2421875
1711662888,R,53.515625
1711662888,W,194.3984375
1711662889,R,32.03125
1711662889,W,215.94921875
1711662890,R,76.0078125
1711662890,W,172.3125
1711662891,R,1.97265625
1711662891,W,246.25390625
1711662892,R,22.02734375
1711662892,W,225.7109375
1711662893,R,68.921875
1711662893,W,179.62109375
1711662894,R,79.109375
1711662894,W,168.30859375
1711662895,R,31.296875
1711662895,W,216.8359375
1711662896,R,28.71875
1711662896,W,219.16796875
1711662897,R,24.0078125
1711662897,W,223.89453125
1711662898,R,61.6953125
1711662898,W,186.56640625
1711662899,R,42.62890625
1711662899,W,205.46484375
1711662900,R,96.03125
1711662900,W,149.18359375
1711662901,R,52.984375
1711662901,W,197.43359375
1711662902,R,57.5390625
1711662902,W,190.5859375
1711662903,R,20.0
1711662903,W,228.04296875
1711662904,R,96.26171875
1711662904,W,152.44140625
1711662905,R,40.875
1711662905,W,207.23046875
1711662906,R,8.19921875
1711662906,W,239.2578125
1711662907,R,0.27734375
1711662907,W,247.7734375
1711662908,R,29.84765625
1711662908,W,215.95703125
1711662909,R,75.5078125
1711662909,W,11.81640625
1711662910,R,105.63671875
1711662910,W,10.2890625
1711662911,R,33.6484375
1711662911,W,15.5546875
1711662912,R,14.9296875
1711662912,W,12.00390625
1711662913,R,0.0
1711662913,W,0.00390625
1711662914,R,0.0
1711662914,W,0.0
1711662915,R,0.0
1711662915,W,0.00390625
1711662916,R,0.0
1711662916,W,0.0078125
1711662917,R,0.0
1711662917,W,0.08984375
1711662918,R,0.0
1711662918,W,0.0
1711662919,R,0.0
1711662919,W,0.00390625
1711662920,R,2.17578125
1711662920,W,0.0
1711662921,R,0.00390625
1711662921,W,0.03125
1711662922,R,0.0
1711662922,W,0.0859375
1711662923,R,0.0
1711662923,W,0.0
1711662924,R,0.0
1711662924,W,0.0
1711662925,R,1.82421875
1711662925,W,0.00390625
1711662926,R,0.0
1711662926,W,0.0
1711662927,R,0.0
1711662927,W,0.07421875
1711662928,R,0.0
1711662928,W,0.0
1711662929,R,0.00390625
1711662929,W,0.00390625
1711662930,R,0.0
1711662930,W,0.00390625
1711662931,R,2.296875
1711662931,W,0.00390625
1711662932,R,0.0
1711662932,W,0.00390625
1711662933,R,0.0
1711662933,W,0.0625
1711662934,R,0.0
1711662934,W,297.65625
1711662935,R,0.0
1711662935,W,286.66015625
1711662936,R,0.0
1711662936,W,248.671875
1711662937,R,0.0
1711662937,W,15.359375
1711662938,R,0.0
1711662938,W,2.73046875
1711662939,R,0.0
1711662939,W,0.00390625
1711662940,R,0.0
1711662940,W,0.0
1711662941,R,0.04296875
1711662941,W,0.00390625
1711662942,R,0.0
1711662942,W,415.6484375
1711662943,R,0.00390625
1711662943,W,246.6171875
1711662944,R,0.0
1711662944,W,74.18359375
1711662945,R,0.0
1711662945,W,0.0
1711662946,R,0.0
1711662946,W,0.0
1711662947,R,0.0
1711662947,W,0.0078125
1711662948,R,0.01953125
1711662948,W,5.28515625
1711662949,R,0.0
1711662949,W,0.00390625
1711662950,R,0.0
1711662950,W,0.0
1711662951,R,0.0
1711662951,W,0.00390625
1711662952,R,0.18359375
1711662952,W,0.00390625
1711662953,R,0.0
1711662953,W,0.00390625
1711662954,R,0.0
1711662954,W,0.078125
1711662955,R,0.0
1711662955,W,0.00390625
1711662956,R,0.0
1711662956,W,0.0
1711662957,R,0.0078125
1711662957,W,0.00390625
1711662958,R,0.0
1711662958,W,0.00390625
1711662959,R,0.0
1711662959,W,0.08203125
1711662960,R,0.0
1711662960,W,0.0
1711662961,R,0.0
1711662961,W,0.00390625
1711662962,R,0.0
1711662962,W,0.00390625
1711662963,R,0.0
1711662963,W,0.00390625
1711662964,R,0.01171875
1711662964,W,0.07421875
1711662965,R,0.0
1711662965,W,0.00390625
1711662966,R,6.78515625
1711662966,W,0.0
1711662967,R,3.23828125
1711662967,W,0.0
1711662968,R,0.0
1711662968,W,0.00390625
1711662969,R,0.0
1711662969,W,0.09765625
1711662970,R,0.0
1711662970,W,12.234375
1711662971,R,0.0
1711662971,W,0.00390625
1711662972,R,0.0
1711662972,W,0.00390625
1711662973,R,0.0
1711662973,W,0.00390625
1711662974,R,0.0
1711662974,W,0.10546875
1711662975,R,0.0
1711662975,W,0.0
1711662976,R,0.0
1711662976,W,0.00390625
1711662977,R,3.9375
1711662977,W,0.00390625
1711662978,R,0.0
1711662978,W,0.00390625
1711662979,R,0.0
1711662979,W,0.0
1711662980,R,0.0
1711662980,W,0.0703125
1711662981,R,0.0
1711662981,W,0.03515625
1711662982,R,0.0
1711662982,W,0.00390625
1711662983,R,0.0
1711662983,W,0.00390625
1711662984,R,0.0
1711662984,W,0.0
1711662985,R,0.0
1711662985,W,1.10546875
1711662986,R,0.0
1711662986,W,0.1171875
1711662987,R,0.0
1711662987,W,0.00390625
1711662988,R,0.0
1711662988,W,0.0
1711662989,R,0.0
1711662989,W,0.00390625
1711662990,R,0.0
1711662990,W,0.00390625
1711662991,R,0.0
1711662991,W,0.0703125
1711662992,R,0.0
1711662992,W,0.00390625
1711662993,R,0.0
1711662993,W,0.00390625
1711662994,R,0.0
1711662994,W,0.0
1711662995,R,0.0
1711662995,W,0.00390625
1711662996,R,0.0
1711662996,W,0.0
1711662997,R,0.0
1711662997,W,0.06640625
1711662998,R,0.0
1711662998,W,0.0078125
1711662999,R,0.0
1711662999,W,0.0078125
1711663000,R,1.95703125
1711663000,W,0.79296875
1711663001,R,0.0
1711663001,W,0.00390625
1711663002,R,0.0
1711663002,W,0.09765625
1711663003,R,0.0
1711663003,W,0.00390625
1711663004,R,0.0
1711663004,W,0.0
1711663005,R,0.0
1711663005,W,0.00390625
1711663006,R,0.0
1711663006,W,0.0
1711663007,R,0.1328125
1711663007,W,0.09375
1711663008,R,0.0
1711663008,W,0.0
1711663009,R,0.0
1711663009,W,0.00390625
1711663010,R,0.0
1711663010,W,0.0
1711663011,R,0.0
1711663011,W,0.0078125
1711663012,R,8.0
1711663012,W,0.078125
1711663013,R,0.0
1711663013,W,0.0
1711663014,R,0.0
1711663014,W,0.0
1711663015,R,0.0
1711663015,W,0.00390625
1711663016,R,0.0
1711663016,W,0.7109375
1711663017,R,0.0
1711663017,W,0.08984375
1711663018,R,0.0
1711663018,W,0.0
1711663019,R,0.0
1711663019,W,0.00390625
1711663020,R,0.0
1711663020,W,0.00390625
1711663021,R,0.0
1711663021,W,0.00390625
1711663022,R,0.0
1711663022,W,0.45703125
1711663023,R,0.0
1711663023,W,0.00390625
1711663024,R,0.0
1711663024,W,0.00390625
1711663025,R,0.0
1711663025,W,0.00390625
1711663026,R,0.0
1711663026,W,0.0
1711663027,R,0.0
1711663027,W,0.5546875
1711663028,R,0.0
1711663028,W,0.00390625
1711663029,R,0.0
1711663029,W,0.0
1711663030,R,0.0
1711663030,W,0.00390625
1711663031,R,0.296875
1711663031,W,0.00390625
1711663032,R,0.0
1711663032,W,0.07421875
1711663033,R,0.0
1711663033,W,0.00390625
1711663034,R,0.0
1711663034,W,0.0
1711663035,R,0.0
1711663035,W,0.0
1711663036,R,0.0
1711663036,W,0.00390625
1711663037,R,0.0
1711663037,W,0.703125
1711663038,R,0.0
1711663038,W,0.0
1711663039,R,0.0
1711663039,W,0.00390625
1711663040,R,0.0
1711663040,W,0.0
1711663041,R,0.0
1711663041,W,0.03515625
1711663042,R,0.0
1711663042,W,0.00390625
1711663043,R,0.0
1711663043,W,0.81640625
1711663044,R,0.0
1711663044,W,0.0
1711663045,R,0.0
1711663045,W,0.00390625
1711663046,R,0.0
1711663046,W,0.0
1711663047,R,0.0
1711663047,W,0.00390625
1711663048,R,0.0
1711663048,W,0.0703125
1711663049,R,0.0
1711663049,W,0.00390625
1711663050,R,0.0
1711663050,W,0.0
1711663051,R,0.0
1711663051,W,0.00390625
1711663052,R,1.796875
1711663052,W,0.00390625
1711663053,R,0.0
1711663053,W,0.00390625
1711663054,R,0.0
1711663054,W,0.0625
1711663055,R,0.0
1711663055,W,0.0
1711663056,R,0.0
1711663056,W,0.0
1711663057,R,0.0
1711663057,W,0.00390625
1711663058,R,0.0
1711663058,W,0.0
1711663059,R,2.140625
1711663059,W,0.6953125
1711663060,R,0.0
1711663060,W,0.0
1711663061,R,0.0
1711663061,W,0.00390625
1711663062,R,0.0
1711663062,W,0.00390625
1711663063,R,0.0
1711663063,W,0.00390625
1711663064,R,0.0
1711663064,W,0.09765625
1711663065,R,0.0
1711663065,W,0.0
1711663066,R,0.0
1711663066,W,0.0
1711663067,R,0.0
1711663067,W,0.0078125
1711663068,R,0.0
1711663068,W,0.0
1711663069,R,0.0
1711663069,W,0.08203125
1711663070,R,0.0
1711663070,W,0.0
1711663071,R,0.0
1711663071,W,0.00390625
1711663072,R,0.0
1711663072,W,0.00390625
1711663073,R,0.0
1711663073,W,0.00390625
1711663074,R,0.0
1711663074,W,0.8203125
1711663075,R,0.0
1711663075,W,0.00390625
1711663076,R,0.0
1711663076,W,0.0
1711663077,R,0.0
1711663077,W,0.00390625
1711663078,R,0.0
1711663078,W,0.0
1711663079,R,0.0
1711663079,W,0.09375
1711663080,R,0.0
1711663080,W,0.0
1711663081,R,0.0
1711663081,W,0.00390625
1711663082,R,0.0
1711663082,W,0.00390625
1711663083,R,0.0
1711663083,W,0.00390625
1711663084,R,0.0
1711663084,W,0.7109375
1711663085,R,0.0
1711663085,W,0.00390625
1711663086,R,0.0
1711663086,W,0.0
1711663087,R,0.0
1711663087,W,0.01171875
1711663088,R,0.0
1711663088,W,0.0
1711663089,R,0.0
1711663089,W,0.0
1711663090,R,0.00390625
1711663090,W,0.16796875
1711663091,R,0.0
1711663091,W,0.0
1711663092,R,1.2890625
1711663092,W,0.0078125
1711663093,R,0.0
1711663093,W,0.00390625
1711663094,R,0.515625
1711663094,W,0.68359375
1711663095,R,0.0
1711663095,W,0.11328125
1711663096,R,0.0
1711663096,W,0.0
1711663097,R,0.0
1711663097,W,0.00390625
1711663098,R,0.0
1711663098,W,0.00390625
1711663099,R,0.0
1711663099,W,0.0
1711663100,R,0.0
1711663100,W,0.078125
1711663101,R,0.0
1711663101,W,0.03515625
1711663102,R,0.0
1711663102,W,0.00390625
1711663103,R,0.0
1711663103,W,0.00390625
1711663104,R,0.0
1711663104,W,0.0
1711663105,R,0.0
1711663105,W,0.87890625
1711663106,R,0.0
1711663106,W,0.08984375
1711663107,R,0.0
1711663107,W,0.00390625
1711663108,R,0.0
1711663108,W,0.0
1711663109,R,0.0
1711663109,W,0.00390625
1711663110,R,0.0
1711663110,W,0.00390625
1711663111,R,0.0
1711663111,W,0.0703125
1711663112,R,0.0
1711663112,W,0.00390625
1711663113,R,0.0
1711663113,W,0.00390625
1711663114,R,0.0
1711663114,W,0.00390625
1711663115,R,0.0
1711663115,W,0.625
1711663116,R,0.0
1711663116,W,0.0
1711663117,R,0.0
1711663117,W,0.09375
1711663118,R,0.0
1711663118,W,0.0
1711663119,R,0.0
1711663119,W,0.00390625
1711663120,R,0.0
1711663120,W,0.0
1711663121,R,0.0
1711663121,W,0.00390625
1711663122,R,0.0
1711663122,W,0.06640625
1711663123,R,0.0
1711663123,W,0.0
1711663124,R,0.0
1711663124,W,0.0
1711663125,R,0.0
1711663125,W,0.00390625
1711663126,R,0.0
1711663126,W,0.0
1711663127,R,0.0
1711663127,W,0.0625
1711663128,R,0.6328125
1711663128,W,0.0
1711663129,R,0.0
1711663129,W,0.0078125
1711663130,R,0.0
1711663130,W,0.0
1711663131,R,0.0
1711663131,W,0.00390625
1711663132,R,0.0
1711663132,W,0.09375
1711663133,R,0.0
1711663133,W,0.00390625
1711663134,R,0.0
1711663134,W,0.0
1711663135,R,0.0
1711663135,W,0.75390625
1711663136,R,0.0
1711663136,W,0.0
1711663137,R,0.0
1711663137,W,0.09765625
1711663138,R,0.0
1711663138,W,0.0
1711663139,R,0.0
1711663139,W,0.00390625
1711663140,R,0.0
1711663140,W,0.0
1711663141,R,0.0
1711663141,W,0.00390625
1711663142,R,0.0
1711663142,W,0.06640625
1711663143,R,0.0
1711663143,W,0.00390625
1711663144,R,0.0
1711663144,W,0.0
1711663145,R,0.0
1711663145,W,0.00390625
1711663146,R,0.0
1711663146,W,0.0
1711663147,R,0.0
1711663147,W,0.1015625
1711663148,R,0.0
1711663148,W,0.00390625
1711663149,R,0.0
1711663149,W,0.01171875
1711663150,R,0.0
1711663150,W,0.0
1711663151,R,0.0
1711663151,W,0.80859375
1711663152,R,0.0
1711663152,W,0.00390625
1711663153,R,0.0
1711663153,W,0.13671875
1711663154,R,0.0
1711663154,W,0.0
1711663155,R,6.79296875
1711663155,W,0.0078125
1711663156,R,0.0
1711663156,W,0.0
1711663157,R,68.140625
1711663157,W,1.1171875
1711663158,R,0.01953125
1711663158,W,0.25390625
1711663159,R,12.26171875
1711663159,W,0.515625
1711663160,R,0.0078125
1711663160,W,0.06640625
1711663161,R,0.0
1711663161,W,0.55859375
1711663162,R,0.0546875
1711663162,W,0.01171875
1711663163,R,15.1328125
1711663163,W,2.734375
1711663164,R,13.49609375
1711663164,W,8.26171875
1711663165,R,12.58984375
1711663165,W,53.16015625
1711663166,R,52.59765625
1711663166,W,22.1796875
1711663167,R,44.203125
1711663167,W,30.21484375
1711663168,R,82.25
1711663168,W,39.828125
1711663169,R,258.375
1711663169,W,239.90234375
1711663170,R,113.984375
1711663170,W,131.91015625
1711663171,R,154.2890625
1711663171,W,95.40234375
1711663172,R,101.05859375
1711663172,W,145.23828125
1711663173,R,35.6875
1711663173,W,149.4453125
1711663174,R,0.58984375
1711663174,W,0.078125
1711663175,R,8.41015625
1711663175,W,372.35546875
1711663176,R,22.0078125
1711663176,W,0.0078125
1711663177,R,5.765625
1711663177,W,0.01171875
1711663178,R,3.16796875
1711663178,W,0.0
1711663179,R,0.32421875
1711663179,W,0.00390625
1711663180,R,12.16015625
1711663180,W,78.5234375
1711663181,R,16.390625
1711663181,W,18.61328125
1711663182,R,6.7734375
1711663182,W,17.953125
1711663183,R,1.8515625
1711663183,W,0.0546875
1711663184,R,0.0
1711663184,W,2.5078125
1711663185,R,0.0
1711663185,W,20.01953125
1711663186,R,0.0
1711663186,W,0.01171875
1711663187,R,0.0
1711663187,W,0.9765625
1711663188,R,0.0
1711663188,W,0.00390625
1711663189,R,0.00390625
1711663189,W,0.87890625
1711663190,R,0.00390625
1711663190,W,4.71875
1711663191,R,0.11328125
1711663191,W,0.0078125
1711663192,R,1.48046875
1711663192,W,3.3671875
1711663193,R,9.26171875
1711663193,W,19.59765625
1711663194,R,1.63671875
1711663194,W,35.33203125
1711663195,R,0.98046875
1711663195,W,0.03515625
1711663196,R,0.0
1711663196,W,0.00390625
1711663197,R,0.0
1711663197,W,0.00390625
1711663198,R,0.0
1711663198,W,0.0078125
1711663199,R,0.0
1711663199,W,10.72265625
1711663200,R,0.0
1711663200,W,0.0
1711663201,R,0.0
1711663201,W,0.03515625
1711663202,R,0.0
1711663202,W,37.66796875
1711663203,R,0.0
1711663203,W,1.22265625
1711663204,R,0.0
1711663204,W,6.00390625
1711663205,R,0.0
1711663205,W,0.015625
1711663206,R,0.0
1711663206,W,0.00390625
1711663207,R,0.015625
1711663207,W,0.00390625
1711663208,R,0.0
1711663208,W,0.0
1711663209,R,0.234375
1711663209,W,1.26953125
1711663210,R,0.10546875
1711663210,W,0.00390625
1711663211,R,1.30078125
1711663211,W,0.96875
1711663212,R,0.14453125
1711663212,W,0.0390625
1711663213,R,0.0
1711663213,W,0.0078125
1711663214,R,0.078125
1711663214,W,0.0
1711663215,R,0.0
1711663215,W,0.0
1711663216,R,0.0
1711663216,W,1.16796875
1711663217,R,0.0
1711663217,W,0.00390625
1711663218,R,0.0
1711663218,W,0.00390625
1711663219,R,0.0
1711663219,W,0.0
1711663220,R,0.02734375
1711663220,W,0.0
1711663221,R,0.39453125
1711663221,W,0.03515625
1711663222,R,0.43359375
1711663222,W,0.10546875
1711663223,R,0.015625
1711663223,W,0.0078125
1711663224,R,0.10546875
1711663224,W,0.0
1711663225,R,0.01953125
1711663225,W,0.0
1711663226,R,0.0
1711663226,W,0.0
1711663227,R,0.0
1711663227,W,2.71484375
1711663228,R,0.0
1711663228,W,0.0078125
1711663229,R,0.0
1711663229,W,0.0
1711663230,R,0.453125
1711663230,W,0.0
1711663231,R,0.0
1711663231,W,0.00390625
1711663232,R,0.0
1711663232,W,0.08203125
1711663233,R,0.0390625
1711663233,W,0.00390625
1711663234,R,0.05859375
1711663234,W,0.0078125
1711663235,R,0.1328125
1711663235,W,0.0
1711663236,R,0.0
1711663236,W,0.0
1711663237,R,0.0
1711663237,W,1.94140625
1711663238,R,0.0
1711663238,W,0.0
1711663239,R,0.0
1711663239,W,0.00390625
1711663240,R,0.0
1711663240,W,0.00390625
1711663241,R,0.0
1711663241,W,0.00390625
1711663242,R,0.0
1711663242,W,0.44140625
1711663243,R,0.0
1711663243,W,0.0078125
1711663244,R,0.0
1711663244,W,0.00390625
1711663245,R,0.0
1711663245,W,0.0
1711663246,R,0.0
1711663246,W,0.0
1711663247,R,0.0
1711663247,W,0.4609375
1711663248,R,0.0
1711663248,W,0.0
1711663249,R,0.0
1711663249,W,0.00390625
1711663250,R,0.0
1711663250,W,0.0
1711663251,R,0.0
1711663251,W,0.0078125
1711663252,R,0.0
1711663252,W,0.06640625
1711663253,R,0.0
1711663253,W,0.4765625
1711663254,R,0.0
1711663254,W,0.0
1711663255,R,0.0
1711663255,W,0.00390625
1711663256,R,0.0
1711663256,W,0.0
1711663257,R,0.0
1711663257,W,0.109375
1711663258,R,0.0
1711663258,W,0.38671875
1711663259,R,0.0
1711663259,W,0.00390625
1711663260,R,0.0
1711663260,W,0.0
1711663261,R,0.0
1711663261,W,0.00390625
1711663262,R,0.0
1711663262,W,0.0
1711663263,R,0.0
1711663263,W,0.453125
1711663264,R,0.0
1711663264,W,0.0
1711663265,R,0.0
1711663265,W,0.0
1711663266,R,0.05078125
1711663266,W,0.0
1711663267,R,0.0
1711663267,W,0.00390625
1711663268,R,0.0
1711663268,W,0.109375
1711663269,R,0.0
1711663269,W,0.37890625
1711663270,R,0.0
1711663270,W,0.00390625
1711663271,R,0.0
1711663271,W,0.00390625
1711663272,R,0.0
1711663272,W,0.0
1711663273,R,0.0
1711663273,W,0.13671875
1711663274,R,0.0
1711663274,W,0.4296875
1711663275,R,0.0
1711663275,W,0.0
1711663276,R,0.0
1711663276,W,0.0
1711663277,R,0.0
1711663277,W,0.00390625
1711663278,R,0.0
1711663278,W,0.00390625
1711663279,R,0.0
1711663279,W,0.08203125
1711663280,R,0.0
1711663280,W,0.375
1711663281,R,0.0
1711663281,W,0.03515625
1711663282,R,0.0
1711663282,W,0.0
1711663283,R,0.0
1711663283,W,0.00390625
1711663284,R,0.0
1711663284,W,0.08203125
1711663285,R,0.0
1711663285,W,0.73046875
1711663286,R,0.0
1711663286,W,0.00390625
1711663287,R,0.0
1711663287,W,0.00390625
1711663288,R,0.0
1711663288,W,0.0
1711663289,R,0.0
1711663289,W,0.16796875
1711663290,R,0.0
1711663290,W,0.0
1711663291,R,0.0
1711663291,W,0.421875
1711663292,R,0.0
1711663292,W,0.00390625
1711663293,R,0.0
1711663293,W,0.0078125
1711663294,R,0.0
1711663294,W,0.18359375
1711663295,R,0.0
1711663295,W,0.00390625
1711663296,R,0.0
1711663296,W,0.0
1711663297,R,0.0
1711663297,W,0.4296875
1711663298,R,0.0
1711663298,W,0.0
1711663299,R,0.0
1711663299,W,0.00390625
1711663300,R,0.0
1711663300,W,0.1796875
1711663301,R,0.0
1711663301,W,0.0
1711663302,R,0.0
1711663302,W,0.37109375
1711663303,R,0.0
1711663303,W,0.00390625
1711663304,R,0.0
1711663304,W,0.0
1711663305,R,0.0
1711663305,W,0.00390625
1711663306,R,0.0
1711663306,W,0.0859375
1711663307,R,0.0
1711663307,W,0.375
1711663308,R,0.0
1711663308,W,0.00390625
1711663309,R,0.0
1711663309,W,0.00390625
1711663310,R,0.0
1711663310,W,0.00390625
1711663311,R,0.0
1711663311,W,0.00390625
1711663312,R,0.0
1711663312,W,0.52734375
1711663313,R,0.0
1711663313,W,0.0078125
1711663314,R,0.0
1711663314,W,0.0
1711663315,R,0.0
1711663315,W,0.00390625
1711663316,R,0.0
1711663316,W,0.00390625
1711663317,R,0.0
1711663317,W,0.109375
1711663318,R,0.0
1711663318,W,0.4609375
1711663319,R,0.0
1711663319,W,0.00390625
1711663320,R,0.0
1711663320,W,0.0
1711663321,R,0.0
1711663321,W,0.0
1711663322,R,0.0
1711663322,W,0.08984375
1711663323,R,0.0
1711663323,W,0.4296875
1711663324,R,0.0
1711663324,W,0.0
1711663325,R,0.0
1711663325,W,0.0
1711663326,R,0.0
1711663326,W,0.0
1711663327,R,0.0
1711663327,W,0.125
1711663328,R,0.0
1711663328,W,0.3359375
1711663329,R,0.0
1711663329,W,0.00390625
1711663330,R,0.0
1711663330,W,0.0
1711663331,R,0.0
1711663331,W,0.00390625
1711663332,R,0.0
1711663332,W,0.19921875
1711663333,R,0.0
1711663333,W,0.00390625
1711663334,R,0.0
1711663334,W,0.48828125
1711663335,R,0.0
1711663335,W,0.0078125
1711663336,R,0.0
1711663336,W,0.0
1711663337,R,0.0
1711663337,W,0.078125
1711663338,R,0.0
1711663338,W,0.0
1711663339,R,0.0
1711663339,W,0.41015625
1711663340,R,0.94921875
1711663340,W,0.0
1711663341,R,0.0
1711663341,W,3.62890625
1711663342,R,0.0
1711663342,W,0.0625
1711663343,R,0.0
1711663343,W,0.00390625
1711663344,R,0.015625
1711663344,W,1.69921875
1711663345,R,0.0
1711663345,W,0.00390625
1711663346,R,0.0
1711663346,W,0.0
1711663347,R,0.0
1711663347,W,0.7109375
1711663348,R,0.0
1711663348,W,0.0
1711663349,R,0.0
1711663349,W,0.00390625
1711663350,R,0.0
1711663350,W,0.0
1711663351,R,0.0
1711663351,W,0.00390625
1711663352,R,0.0
1711663352,W,0.0546875
1711663353,R,0.0
1711663353,W,0.0078125
1711663354,R,0.0
1711663354,W,2.44921875
1711663355,R,0.0
1711663355,W,0.0
1711663356,R,0.0
1711663356,W,0.0
1711663357,R,0.0
1711663357,W,0.10546875
1711663358,R,0.0
1711663358,W,0.0
1711663359,R,0.0
1711663359,W,0.00390625
1711663360,R,0.0
1711663360,W,0.3203125
1711663361,R,0.0
1711663361,W,0.00390625
1711663362,R,0.0
1711663362,W,0.08203125
1711663363,R,0.0
1711663363,W,0.00390625
1711663364,R,2.60546875
1711663364,W,0.0
1711663365,R,0.0
1711663365,W,0.33984375
1711663366,R,0.0
1711663366,W,0.0
1711663367,R,0.0
1711663367,W,0.0703125
1711663368,R,0.0
1711663368,W,0.0
1711663369,R,0.0
1711663369,W,13.41015625
1711663370,R,12.73046875
1711663370,W,4.33984375
1711663371,R,2.62890625
1711663371,W,2.51171875
1711663372,R,0.0
1711663372,W,1.33984375
1711663373,R,0.0
1711663373,W,0.01171875
1711663374,R,0.0
1711663374,W,0.0078125
1711663375,R,0.0
1711663375,W,0.00390625
1711663376,R,0.0
1711663376,W,0.0
1711663377,R,0.0
1711663377,W,0.12890625
1711663378,R,0.0
1711663378,W,1.26171875
1711663379,R,0.0
1711663379,W,0.03515625
1711663380,R,0.0
1711663380,W,0.0
1711663381,R,0.0
1711663381,W,2.16796875
1711663382,R,0.0
1711663382,W,0.00390625
1711663383,R,0.0
1711663383,W,0.0078125
1711663384,R,0.0
1711663384,W,0.00390625
1711663385,R,0.0
1711663385,W,0.00390625
1711663386,R,0.0
1711663386,W,0.10546875
1711663387,R,0.0
1711663387,W,0.00390625
1711663388,R,0.0
1711663388,W,0.0
1711663389,R,0.0
1711663389,W,0.0078125
1711663390,R,0.0
1711663390,W,0.0
1711663391,R,0.0
1711663391,W,0.66015625
1711663392,R,0.0
1711663392,W,0.11328125
1711663393,R,0.0
1711663393,W,0.00390625
1711663394,R,0.0
1711663394,W,0.0
1711663395,R,0.0
1711663395,W,0.00390625
1711663396,R,0.0
1711663396,W,0.359375
1711663397,R,0.0
1711663397,W,0.08203125
1711663398,R,0.0
1711663398,W,0.0
1711663399,R,0.0
1711663399,W,0.0
1711663400,R,0.0
1711663400,W,0.0
1711663401,R,0.0
1711663401,W,0.03515625
1711663402,R,0.0
1711663402,W,0.81640625
1711663403,R,0.0
1711663403,W,0.0078125
1711663404,R,0.0
1711663404,W,0.0
1711663405,R,0.0
1711663405,W,0.00390625
1711663406,R,0.0
1711663406,W,0.0
1711663407,R,0.0
1711663407,W,0.078125
1711663408,R,0.0
1711663408,W,0.0
1711663409,R,0.0
1711663409,W,0.01171875
1711663410,R,0.0
1711663410,W,0.0
1711663411,R,0.0
1711663411,W,0.0
1711663412,R,0.0
1711663412,W,0.67578125
1711663413,R,0.0
1711663413,W,0.00390625
1711663414,R,0.0
1711663414,W,0.0078125
1711663415,R,0.0
1711663415,W,0.00390625
1711663416,R,0.0
1711663416,W,0.0
1711663417,R,0.0
1711663417,W,0.00390625
1711663418,R,0.0
1711663418,W,0.078125
1711663419,R,0.0
1711663419,W,0.0
1711663420,R,0.0
1711663420,W,0.0
1711663421,R,0.28515625
1711663421,W,0.00390625
1711663422,R,0.0
1711663422,W,0.56640625
1711663423,R,0.0
1711663423,W,0.11328125
1711663424,R,0.0
1711663424,W,0.0
1711663425,R,0.0
1711663425,W,0.00390625
1711663426,R,0.0
1711663426,W,0.0
1711663427,R,0.0
1711663427,W,0.00390625
1711663428,R,0.0
1711663428,W,0.06640625
1711663429,R,0.0
1711663429,W,0.0
1711663430,R,0.0
1711663430,W,0.0
1711663431,R,0.0
1711663431,W,0.00390625
1711663432,R,0.0
1711663432,W,0.0
1711663433,R,0.0
1711663433,W,0.625
1711663434,R,0.0
1711663434,W,0.0703125
1711663435,R,0.0
1711663435,W,0.00390625
1711663436,R,0.0
1711663436,W,0.0
1711663437,R,0.0
1711663437,W,0.00390625
1711663438,R,0.0
1711663438,W,0.0
1711663439,R,0.0
1711663439,W,0.0703125
1711663440,R,0.0
1711663440,W,0.0
1711663441,R,0.0
1711663441,W,0.00390625
1711663442,R,0.0
1711663442,W,0.00390625
1711663443,R,0.0
1711663443,W,0.00390625
1711663444,R,0.0
1711663444,W,0.0
1711663445,R,0.0
1711663445,W,0.125
1711663446,R,0.0
1711663446,W,0.0
1711663447,R,0.0
1711663447,W,0.00390625
1711663448,R,0.0
1711663448,W,0.73828125
1711663449,R,0.0
1711663449,W,0.00390625
1711663450,R,0.0
1711663450,W,0.125
1711663451,R,0.0
1711663451,W,0.00390625
1711663452,R,0.0
1711663452,W,0.0
1711663453,R,0.00390625
1711663453,W,0.4375
1711663454,R,0.0
1711663454,W,0.0
1711663455,R,0.0
1711663455,W,0.0
1711663456,R,0.0
1711663456,W,0.07421875
1711663457,R,0.0
1711663457,W,0.00390625
1711663458,R,0.0
1711663458,W,0.0
1711663459,R,0.0
1711663459,W,0.00390625
1711663460,R,0.0
1711663460,W,0.00390625
1711663461,R,0.0
1711663461,W,0.03515625
1711663462,R,0.0
1711663462,W,0.08203125
1711663463,R,0.0
1711663463,W,0.00390625
1711663464,R,0.0
1711663464,W,0.8359375
1711663465,R,0.0
1711663465,W,0.00390625
1711663466,R,0.0
1711663466,W,0.0078125
1711663467,R,0.0
1711663467,W,0.08984375
1711663468,R,0.0
1711663468,W,8.62890625
1711663469,R,0.0
1711663469,W,13.34765625
1711663470,R,1.0390625
1711663470,W,10.1953125
1711663471,R,3.31640625
1711663471,W,17.37890625
1711663472,R,0.0
1711663472,W,15.171875
1711663473,R,42.89453125
1711663473,W,33.87109375
1711663474,R,0.0
1711663474,W,398.90234375
1711663475,R,0.0
1711663475,W,40.15625
1711663476,R,0.0
1711663476,W,9.13671875
1711663477,R,0.0
1711663477,W,3.5703125
1711663478,R,0.16015625
1711663478,W,9.5703125
1711663479,R,0.0
1711663479,W,0.04296875
1711663480,R,0.0
1711663480,W,453.15234375
1711663481,R,0.0
1711663481,W,22.375
1711663482,R,0.0546875
1711663482,W,19.01953125
1711663483,R,0.0
1711663483,W,24.45703125
1711663484,R,0.00390625
1711663484,W,20.98046875
1711663485,R,0.0
1711663485,W,2.9765625
1711663486,R,0.0
1711663486,W,3.08984375
1711663487,R,0.0
1711663487,W,0.0234375
1711663488,R,0.0
1711663488,W,0.0
1711663489,R,0.18359375
1711663489,W,0.13671875
1711663490,R,0.0
1711663490,W,2.25
1711663491,R,0.0
1711663491,W,1.49609375
1711663492,R,0.0
1711663492,W,4.01171875
1711663493,R,0.0
1711663493,W,1.4375
1711663494,R,0.0
1711663494,W,10.86328125
1711663495,R,0.00390625
1711663495,W,10.84765625
1711663496,R,0.0
1711663496,W,1.58203125
1711663497,R,0.0
1711663497,W,6.13671875
1711663498,R,0.0
1711663498,W,64.8359375
1711663499,R,0.0
1711663499,W,0.0078125
1711663500,R,0.02734375
1711663500,W,0.0
1711663501,R,0.0
1711663501,W,0.00390625
1711663502,R,2.12890625
1711663502,W,0.00390625
1711663503,R,0.0
1711663503,W,10.83984375
1711663504,R,0.0
1711663504,W,37.33984375
1711663505,R,0.0
1711663505,W,0.65625
1711663506,R,0.0
1711663506,W,1.15625
1711663507,R,0.0
1711663507,W,19.93359375
1711663508,R,0.0
1711663508,W,0.01171875
1711663509,R,0.0
1711663509,W,0.00390625
1711663510,R,0.0
1711663510,W,0.00390625
1711663511,R,0.0
1711663511,W,0.00390625
1711663512,R,1.0546875
1711663512,W,1.13671875
1711663513,R,0.0
1711663513,W,0.88671875
1711663514,R,0.0
1711663514,W,0.046875
1711663515,R,0.0
1711663515,W,12.77734375
1711663516,R,0.0
1711663516,W,0.65234375
1711663517,R,0.0
1711663517,W,8.2421875
1711663518,R,0.0
1711663518,W,0.02734375
1711663519,R,0.0
1711663519,W,3.671875
1711663520,R,0.0625
1711663520,W,0.0234375
1711663521,R,0.0
1711663521,W,139.53515625
1711663522,R,1.74609375
1711663522,W,0.32421875
1711663523,R,0.0
1711663523,W,0.0078125
1711663524,R,0.0
1711663524,W,0.359375
1711663525,R,8.125
1711663525,W,0.03515625
1711663526,R,4.2109375
1711663526,W,1.12890625
1711663527,R,2.7109375
1711663527,W,0.00390625
1711663528,R,0.0
1711663528,W,0.03125
1711663529,R,0.0
1711663529,W,37.5546875
1711663530,R,0.0
1711663530,W,0.0234375
1711663531,R,0.0
1711663531,W,60.70703125
1711663532,R,0.0
1711663532,W,0.7265625
1711663533,R,0.0
1711663533,W,0.01171875
1711663534,R,0.0
1711663534,W,0.00390625
1711663535,R,0.0
1711663535,W,0.00390625
1711663536,R,0.0
1711663536,W,0.0
1711663537,R,0.0
1711663537,W,1.0234375
1711663538,R,0.0
1711663538,W,0.0
1711663539,R,0.0
1711663539,W,0.87890625
1711663540,R,0.0
1711663540,W,0.02734375
1711663541,R,0.0
1711663541,W,0.00390625
1711663542,R,0.0
1711663542,W,0.0
1711663543,R,0.0
1711663543,W,0.0078125
1711663544,R,0.0
1711663544,W,0.93359375
1711663545,R,0.0
1711663545,W,0.00390625
1711663546,R,0.0
1711663546,W,0.0
1711663547,R,0.0
1711663547,W,0.00390625
1711663548,R,0.0
1711663548,W,0.00390625
1711663549,R,0.0
1711663549,W,0.05859375
1711663550,R,0.0
1711663550,W,0.0078125
1711663551,R,0.0
1711663551,W,0.00390625
1711663552,R,0.0
1711663552,W,0.0
1711663553,R,0.0
1711663553,W,0.0078125
1711663554,R,0.0
1711663554,W,2.2890625
1711663555,R,0.0
1711663555,W,0.09765625
1711663556,R,0.0
1711663556,W,0.0
1711663557,R,0.0
1711663557,W,0.00390625
1711663558,R,0.0
1711663558,W,0.0
1711663559,R,0.0
1711663559,W,1.1796875
1711663560,R,0.0
1711663560,W,0.078125
1711663561,R,0.0
1711663561,W,0.00390625
1711663562,R,0.0
1711663562,W,0.00390625
1711663563,R,0.0
1711663563,W,0.0078125
1711663564,R,0.0
1711663564,W,0.0
1711663565,R,0.0
1711663565,W,0.0078125
1711663566,R,0.0
1711663566,W,0.21875
1711663567,R,0.0
1711663567,W,0.0
1711663568,R,0.5703125
1711663568,W,0.00390625
1711663569,R,0.0
1711663569,W,0.00390625
1711663570,R,0.0
1711663570,W,0.0
1711663571,R,0.0
1711663571,W,0.08984375
1711663572,R,0.0
1711663572,W,0.0
1711663573,R,0.0
1711663573,W,0.0078125
1711663574,R,0.0
1711663574,W,0.0
1711663575,R,0.0
1711663575,W,1.03515625
1711663576,R,0.0
1711663576,W,0.18359375
1711663577,R,0.0
1711663577,W,0.00390625
1711663578,R,0.0
1711663578,W,0.0
1711663579,R,0.0
1711663579,W,0.00390625
1711663580,R,0.0
1711663580,W,0.0
1711663581,R,0.0
1711663581,W,0.03515625
1711663582,R,0.0
1711663582,W,1.69140625
1711663583,R,0.0
1711663583,W,0.0078125
1711663584,R,0.0
1711663584,W,0.74609375
1711663585,R,0.0
1711663585,W,0.0
1711663586,R,0.0
1711663586,W,0.0
1711663587,R,0.0
1711663587,W,0.4921875
1711663588,R,0.0
1711663588,W,0.0
1711663589,R,0.0
1711663589,W,0.00390625
1711663590,R,0.0
1711663590,W,0.00390625
1711663591,R,0.0
1711663591,W,1.89453125
1711663592,R,0.0
1711663592,W,0.0625
1711663593,R,0.0
1711663593,W,0.0078125
1711663594,R,0.0
1711663594,W,0.0
1711663595,R,0.0
1711663595,W,0.00390625
1711663596,R,0.0
1711663596,W,0.0
1711663597,R,0.0
1711663597,W,0.0625
1711663598,R,0.0
1711663598,W,0.0
1711663599,R,0.0
1711663599,W,0.0
1711663600,R,0.0
1711663600,W,0.0
1711663601,R,0.0
1711663601,W,0.00390625
1711663602,R,0.0
1711663602,W,0.0546875
1711663603,R,0.0
1711663603,W,0.0078125
1711663604,R,0.0
1711663604,W,0.0
1711663605,R,0.0
1711663605,W,0.00390625
1711663606,R,0.0
1711663606,W,0.0
1711663607,R,0.0
1711663607,W,0.9921875
1711663608,R,0.0
1711663608,W,0.0
1711663609,R,0.0
1711663609,W,0.00390625
1711663610,R,0.0
1711663610,W,0.0
1711663611,R,0.0
1711663611,W,0.00390625
1711663612,R,0.0
1711663612,W,0.0
1711663613,R,0.0
1711663613,W,0.22265625
1711663614,R,0.0
1711663614,W,0.0
1711663615,R,0.0
1711663615,W,0.00390625
1711663616,R,0.0
1711663616,W,0.0
1711663617,R,0.0
1711663617,W,0.7421875
1711663618,R,0.0
1711663618,W,0.1875
1711663619,R,0.0
1711663619,W,9.0234375
1711663620,R,0.0
1711663620,W,6.83203125
1711663621,R,0.0
1711663621,W,2.2421875
1711663622,R,0.0
1711663622,W,2.76953125
1711663623,R,0.0
1711663623,W,0.734375
1711663624,R,0.0
1711663624,W,0.0078125
1711663625,R,0.0
1711663625,W,0.00390625
1711663626,R,0.0
1711663626,W,0.0
1711663627,R,0.0
1711663627,W,0.1796875
1711663628,R,0.0
1711663628,W,0.00390625
1711663629,R,0.0
1711663629,W,1.46484375
1711663630,R,0.0
1711663630,W,0.0234375
1711663631,R,0.0
1711663631,W,1.984375
1711663632,R,0.0
1711663632,W,0.0
1711663633,R,0.0
1711663633,W,0.0078125
1711663634,R,0.0
1711663634,W,0.0
1711663635,R,0.0
1711663635,W,0.00390625
1711663636,R,0.0
1711663636,W,0.0
1711663637,R,0.0
1711663637,W,0.0625
1711663638,R,0.0
1711663638,W,0.00390625
1711663639,R,0.0
1711663639,W,0.00390625
1711663640,R,0.0
1711663640,W,0.0
1711663641,R,0.0
1711663641,W,0.03515625
1711663642,R,0.0
1711663642,W,4.13671875
1711663643,R,0.0
1711663643,W,1.953125
1711663644,R,0.0
1711663644,W,0.00390625
1711663645,R,0.0
1711663645,W,0.00390625
1711663646,R,0.0
1711663646,W,0.0
1711663647,R,0.0
1711663647,W,0.8828125
1711663648,R,0.0
1711663648,W,0.0
1711663649,R,0.0
1711663649,W,0.00390625
1711663650,R,0.0
1711663650,W,0.0
1711663651,R,0.0
1711663651,W,0.00390625
1711663652,R,0.0
1711663652,W,0.33984375
1711663653,R,0.0
1711663653,W,0.0078125
1711663654,R,0.0
1711663654,W,0.0
1711663655,R,0.0
1711663655,W,0.00390625
1711663656,R,0.0
1711663656,W,0.0
1711663657,R,0.0
1711663657,W,2.96875
1711663658,R,0.0
1711663658,W,0.0
1711663659,R,0.0
1711663659,W,0.00390625
1711663660,R,0.0
1711663660,W,0.0
1711663661,R,0.0
1711663661,W,0.0078125
1711663662,R,0.0
1711663662,W,0.08984375
1711663663,R,0.0
1711663663,W,0.0078125
1711663664,R,0.0
1711663664,W,0.0
1711663665,R,0.0
1711663665,W,0.0078125
1711663666,R,0.0
1711663666,W,0.0
1711663667,R,0.0
1711663667,W,0.67578125
1711663668,R,0.0
1711663668,W,0.0
1711663669,R,0.0
1711663669,W,0.0
1711663670,R,0.0
1711663670,W,0.0
1711663671,R,0.0
1711663671,W,0.00390625
1711663672,R,0.0
1711663672,W,0.0703125
1711663673,R,0.0
1711663673,W,0.0078125
1711663674,R,0.0
1711663674,W,0.0
1711663675,R,0.0
1711663675,W,0.00390625
1711663676,R,0.0
1711663676,W,0.0
1711663677,R,0.0
1711663677,W,0.00390625
1711663678,R,0.0
1711663678,W,0.5625
1711663679,R,0.0
1711663679,W,0.00390625
1711663680,R,0.0
1711663680,W,0.00390625
1711663681,R,0.0
1711663681,W,0.00390625
1711663682,R,0.0
1711663682,W,0.00390625
1711663683,R,0.0
1711663683,W,0.06640625
1711663684,R,0.0
1711663684,W,0.0
1711663685,R,0.0
1711663685,W,0.00390625
1711663686,R,0.0
1711663686,W,0.0
1711663687,R,0.0
1711663687,W,0.00390625
1711663688,R,0.0
1711663688,W,0.7109375
1711663689,R,0.0
1711663689,W,0.0078125
1711663690,R,0.0
1711663690,W,0.0
1711663691,R,0.0
1711663691,W,0.0
1711663692,R,0.0546875
1711663692,W,0.0
1711663693,R,0.0
1711663693,W,0.1171875
1711663694,R,0.0
1711663694,W,0.0
1711663695,R,0.0
1711663695,W,0.00390625
1711663696,R,0.0
1711663696,W,0.0
1711663697,R,0.0
1711663697,W,0.00390625
1711663698,R,0.0
1711663698,W,0.69921875
1711663699,R,0.0
1711663699,W,0.00390625
1711663700,R,0.0
1711663700,W,0.0
1711663701,R,83.1875
1711663701,W,0.03515625
1711663702,R,35.89453125
1711663702,W,0.84765625
1711663703,R,0.00390625
1711663703,W,1.52734375
1711663704,R,0.0
1711663704,W,0.0
1711663705,R,0.0
1711663705,W,0.00390625
1711663706,R,0.0
1711663706,W,0.3984375
1711663707,R,0.0
1711663707,W,0.0078125
1711663708,R,0.0
1711663708,W,0.00390625
1711663709,R,0.0
1711663709,W,0.19921875
1711663710,R,0.0
1711663710,W,0.0
1711663711,R,0.0
1711663711,W,0.00390625
1711663712,R,0.0
1711663712,W,0.0
1711663713,R,0.0
1711663713,W,0.0078125
1711663714,R,0.0
1711663714,W,0.06640625
1711663715,R,0.0
1711663715,W,0.01171875
1711663716,R,0.0
1711663716,W,0.0
1711663717,R,0.0
1711663717,W,0.00390625
1711663718,R,0.0
1711663718,W,0.0
1711663719,R,0.0
1711663719,W,1.296875
1711663720,R,0.0
1711663720,W,0.0
1711663721,R,0.0
1711663721,W,0.00390625
1711663722,R,0.0
1711663722,W,0.0
1711663723,R,0.0
1711663723,W,0.0078125
1711663724,R,0.0
1711663724,W,0.09765625
1711663725,R,0.0
1711663725,W,0.0
1711663726,R,0.0
1711663726,W,0.0
1711663727,R,0.0
1711663727,W,0.00390625
1711663728,R,0.0
1711663728,W,0.00390625
1711663729,R,0.0
1711663729,W,0.0546875
1711663730,R,0.0
1711663730,W,0.0
1711663731,R,0.0
1711663731,W,0.00390625
1711663732,R,0.0
1711663732,W,0.0
1711663733,R,0.0
1711663733,W,0.0078125
1711663734,R,0.0
1711663734,W,0.0
1711663735,R,0.0
1711663735,W,0.0078125
1711663736,R,0.0
1711663736,W,0.06640625
1711663737,R,0.0
1711663737,W,0.00390625
1711663738,R,0.0
1711663738,W,0.0
1711663739,R,0.0
1711663739,W,0.87109375
1711663740,R,0.0
1711663740,W,0.00390625
1711663741,R,0.0
1711663741,W,0.15234375
1711663742,R,0.0
1711663742,W,0.0
1711663743,R,0.0
1711663743,W,0.0078125
1711663744,R,0.0
1711663744,W,0.0
1711663745,R,0.0
1711663745,W,0.00390625
1711663746,R,0.0
1711663746,W,9.08984375
1711663747,R,0.390625
1711663747,W,6.72265625
1711663748,R,0.0078125
1711663748,W,1.55078125
1711663749,R,0.0
1711663749,W,0.0234375
1711663750,R,0.0
1711663750,W,0.0
1711663751,R,0.0
1711663751,W,58.21875
1711663752,R,0.0
1711663752,W,0.0
1711663753,R,0.0
1711663753,W,0.0
1711663754,R,0.0
1711663754,W,0.0
1711663755,R,0.0
1711663755,W,0.0
1711663756,R,0.0
1711663756,W,0.0
1711663757,R,0.0
1711663757,W,0.0
1711663758,R,0.0
1711663758,W,0.0
1711663759,R,0.0
1711663759,W,0.0
1711663760,R,0.0
1711663760,W,0.0
1711663761,R,0.0
1711663761,W,0.0
1711663762,R,0.0
1711663762,W,0.0
1711663763,R,0.0
1711663763,W,0.0
1711663764,R,0.0
1711663764,W,0.0
1711663765,R,0.0
1711663765,W,0.0
1711663766,R,0.0
1711663766,W,0.0
1711663767,R,0.0
1711663767,W,0.0
1711663768,R,0.0
1711663768,W,0.0
1711663769,R,0.0
1711663769,W,0.0
1711663770,R,0.0
1711663770,W,0.0
1711663771,R,0.0
1711663771,W,0.0
1711663772,R,0.0
1711663772,W,0.0
1711663773,R,0.0
1711663773,W,0.0
1711663774,R,0.0
1711663774,W,0.0
1711663775,R,0.0
1711663775,W,0.0
1711663776,R,0.0
1711663776,W,0.0
1711663777,R,0.0
1711663777,W,0.0
1711663778,R,0.0
1711663778,W,0.0
1711663779,R,0.0
1711663779,W,0.0
1711663780,R,0.0
1711663780,W,0.0
1711663781,R,0.0
1711663781,W,0.0
1711663782,R,0.0
1711663782,W,0.0
1711663783,R,0.0
1711663783,W,0.0
1711663784,R,0.0
1711663784,W,0.0
1711663785,R,0.0
1711663785,W,0.0
1711663786,R,0.0
1711663786,W,0.0
1711663787,R,0.0
1711663787,W,0.0
1711663788,R,0.0
1711663788,W,0.0
1711663789,R,0.0
1711663789,W,0.0
1711663790,R,0.0
1711663790,W,0.0
1711663791,R,0.0
1711663791,W,0.0
1711663792,R,0.0
1711663792,W,0.0
1711663793,R,0.0
1711663793,W,0.0
1711663794,R,0.0
1711663794,W,0.0
1711663795,R,0.0
1711663795,W,0.0
1711663796,R,0.0
1711663796,W,0.0
1711663797,R,0.0
1711663797,W,0.0
1711663798,R,0.0
1711663798,W,0.0
1711663799,R,0.0
1711663799,W,0.0
